instance_id,message_family_id,variant,romanized_message,source_register,domain,intent,speaker_role,recipient_role,authority_relation,relative_age,familiarity,setting,changed_cue_from_A,comparison_ids,primary_register,secondary_register,acceptable_registers,answerability,gold_confidence,reason_codes,english_token_ratio,code_mix_level,spelling_noise_level,authoring_source,human_revision_status,split,dataset_version
F001-A,F001,A,Kal project niye ekta meeting kora jabe?,UNCLEAR,ACADEMIC,REQUEST,UNIVERSITY_PROJECT_MEMBER,UNIVERSITY_PROJECT_MEMBER,EQUAL,SIMILAR,MEDIUM,SEMI_FORMAL,NONE,F001-B|F001-C,TUMI,APNI,TUMI|APNI,ANSWERABLE,HIGH,FAMILIARITY|SETTING,0.286,MODERATE,NONE,AI_CANDIDATE_REVISED,REVIEWED,DEVELOPMENT,SOCIALCUE-BN-GOLD-V1.0
F001-B,F001,B,Kal project niye ekta meeting kora jabe?,UNCLEAR,ACADEMIC,REQUEST,UNIVERSITY_PROJECT_MEMBER,UNIVERSITY_PROJECT_MEMBER,HIGHER,SIMILAR,MEDIUM,SEMI_FORMAL,AUTHORITY,F001-A,APNI,TUMI,APNI|TUMI,ANSWERABLE,HIGH,AUTHORITY|SETTING,0.286,MODERATE,NONE,AI_CANDIDATE_REVISED,REVIEWED,DEVELOPMENT,SOCIALCUE-BN-GOLD-V1.0
F001-C,F001,C,Kal project niye ekta meeting kora jabe?,UNCLEAR,ACADEMIC,REQUEST,UNIVERSITY_PROJECT_MEMBER,UNIVERSITY_PROJECT_MEMBER,EQUAL,OLDER,MEDIUM,SEMI_FORMAL,AGE,F001-A,APNI,TUMI,APNI|TUMI,ANSWERABLE,HIGH,AGE|FAMILIARITY|SETTING,0.286,MODERATE,NONE,AI_CANDIDATE_REVISED,REVIEWED,DEVELOPMENT,SOCIALCUE-BN-GOLD-V1.0
F002-A,F002,A,Assignment er deadline niye ektu kotha chilo.,UNCLEAR,ACADEMIC,REQUEST,STUDENT,ACADEMIC_CONTACT,EQUAL,SIMILAR,HIGH,INFORMAL,NONE,F002-B|F002-C,TUMI,,TUMI,ANSWERABLE,HIGH,FAMILIARITY|SETTING,0.286,MODERATE,NONE,AI_CANDIDATE_REVISED,REVIEWED,DEVELOPMENT,SOCIALCUE-BN-GOLD-V1.0
F002-B,F002,B,Assignment er deadline niye ektu kotha chilo.,UNCLEAR,ACADEMIC,REQUEST,STUDENT,ACADEMIC_CONTACT,EQUAL,SIMILAR,LOW,INFORMAL,FAMILIARITY,F002-A,APNI,TUMI,APNI|TUMI,ANSWERABLE,HIGH,FAMILIARITY|SETTING,0.286,MODERATE,NONE,AI_CANDIDATE_REVISED,REVIEWED,DEVELOPMENT,SOCIALCUE-BN-GOLD-V1.0
F002-C,F002,C,Assignment er deadline niye ektu kotha chilo.,UNCLEAR,ACADEMIC,REQUEST,STUDENT,ACADEMIC_CONTACT,EQUAL,SIMILAR,HIGH,FORMAL,SETTING,F002-A,APNI,TUMI,APNI|TUMI,ANSWERABLE,HIGH,FAMILIARITY|SETTING,0.286,MODERATE,NONE,AI_CANDIDATE_REVISED,REVIEWED,DEVELOPMENT,SOCIALCUE-BN-GOLD-V1.0
F003-A,F003,A,Report ta niye ektu motamot dorkar chilo.,UNCLEAR,ACADEMIC,REQUEST,STUDENT_WRITER,ACADEMIC_REVIEWER,EQUAL,SIMILAR,MEDIUM,INFORMAL,NONE,F003-B|F003-C,TUMI,,TUMI,ANSWERABLE,HIGH,FAMILIARITY|SETTING,0.143,LIGHT,NONE,AI_CANDIDATE_REVISED,REWRITTEN,DEVELOPMENT,SOCIALCUE-BN-GOLD-V1.0
F003-B,F003,B,Report ta niye ektu motamot dorkar chilo.,UNCLEAR,ACADEMIC,REQUEST,STUDENT_WRITER,ACADEMIC_REVIEWER,HIGHER,SIMILAR,MEDIUM,INFORMAL,AUTHORITY,F003-A,APNI,TUMI,APNI|TUMI,ANSWERABLE,HIGH,AUTHORITY|FAMILIARITY|SETTING,0.143,LIGHT,NONE,AI_CANDIDATE_REVISED,REWRITTEN,DEVELOPMENT,SOCIALCUE-BN-GOLD-V1.0
F003-C,F003,C,Report ta niye ektu motamot dorkar chilo.,UNCLEAR,ACADEMIC,REQUEST,STUDENT_WRITER,ACADEMIC_REVIEWER,EQUAL,SIMILAR,MEDIUM,FORMAL,SETTING,F003-A,APNI,TUMI,APNI|TUMI,ANSWERABLE,HIGH,FAMILIARITY|SETTING,0.143,LIGHT,NONE,AI_CANDIDATE_REVISED,REWRITTEN,DEVELOPMENT,SOCIALCUE-BN-GOLD-V1.0
F004-A,F004,A,Client er file ta ajker moddhe dorkar.,UNCLEAR,PROFESSIONAL,REQUEST,WORK_TEAM_MEMBER,WORK_TEAM_MEMBER,EQUAL,SIMILAR,HIGH,SEMI_FORMAL,NONE,F004-B|F004-C,TUMI,APNI,TUMI|APNI,ANSWERABLE,HIGH,FAMILIARITY|SETTING,0.286,MODERATE,NONE,AI_CANDIDATE_REVISED,REVIEWED,DEVELOPMENT,SOCIALCUE-BN-GOLD-V1.0
F004-B,F004,B,Client er file ta ajker moddhe dorkar.,UNCLEAR,PROFESSIONAL,REQUEST,WORK_TEAM_MEMBER,WORK_TEAM_MEMBER,HIGHER,SIMILAR,HIGH,SEMI_FORMAL,AUTHORITY,F004-A,APNI,TUMI,APNI|TUMI,ANSWERABLE,HIGH,AUTHORITY|FAMILIARITY|SETTING,0.286,MODERATE,NONE,AI_CANDIDATE_REVISED,REVIEWED,DEVELOPMENT,SOCIALCUE-BN-GOLD-V1.0
F004-C,F004,C,Client er file ta ajker moddhe dorkar.,UNCLEAR,PROFESSIONAL,REQUEST,WORK_TEAM_MEMBER,WORK_TEAM_MEMBER,EQUAL,SIMILAR,LOW,SEMI_FORMAL,FAMILIARITY,F004-A,APNI,TUMI,APNI|TUMI,ANSWERABLE,HIGH,FAMILIARITY|SETTING,0.286,MODERATE,NONE,AI_CANDIDATE_REVISED,REVIEWED,DEVELOPMENT,SOCIALCUE-BN-GOLD-V1.0
F005-A,F005,A,Agamikaler shift er shomoy ta confirm kora dorkar.,UNCLEAR,PROFESSIONAL,QUESTION,STAFF_MEMBER,STAFF_MEMBER,EQUAL,SIMILAR,MEDIUM,INFORMAL,NONE,F005-B|F005-C,TUMI,,TUMI,ANSWERABLE,HIGH,FAMILIARITY|SETTING,0.25,MODERATE,NONE,AI_CANDIDATE_REVISED,REWRITTEN,DEVELOPMENT,SOCIALCUE-BN-GOLD-V1.0
F005-B,F005,B,Agamikaler shift er shomoy ta confirm kora dorkar.,UNCLEAR,PROFESSIONAL,QUESTION,STAFF_MEMBER,STAFF_MEMBER,EQUAL,OLDER,MEDIUM,INFORMAL,AGE,F005-A,APNI,TUMI,APNI|TUMI,ANSWERABLE,HIGH,AGE|FAMILIARITY|SETTING,0.25,MODERATE,NONE,AI_CANDIDATE_REVISED,REWRITTEN,DEVELOPMENT,SOCIALCUE-BN-GOLD-V1.0
F005-C,F005,C,Agamikaler shift er shomoy ta confirm kora dorkar.,UNCLEAR,PROFESSIONAL,QUESTION,STAFF_MEMBER,STAFF_MEMBER,EQUAL,SIMILAR,MEDIUM,FORMAL,SETTING,F005-A,APNI,TUMI,APNI|TUMI,ANSWERABLE,HIGH,FAMILIARITY|SETTING,0.25,MODERATE,NONE,AI_CANDIDATE_REVISED,REWRITTEN,DEVELOPMENT,SOCIALCUE-BN-GOLD-V1.0
F006-A,F006,A,Ei prostab ta onumodon kora dorkar.,UNCLEAR,PROFESSIONAL,REQUEST,PROPOSAL_AUTHOR,PROPOSAL_REVIEWER,EQUAL,SIMILAR,MEDIUM,SEMI_FORMAL,NONE,F006-B|F006-C,TUMI,APNI,TUMI|APNI,ANSWERABLE,HIGH,FAMILIARITY|SETTING,0,NONE,NONE,AI_CANDIDATE_REVISED,REWRITTEN,DEVELOPMENT,SOCIALCUE-BN-GOLD-V1.0
F006-B,F006,B,Ei prostab ta onumodon kora dorkar.,UNCLEAR,PROFESSIONAL,REQUEST,PROPOSAL_AUTHOR,PROPOSAL_REVIEWER,HIGHER,SIMILAR,MEDIUM,SEMI_FORMAL,AUTHORITY,F006-A,APNI,TUMI,APNI|TUMI,ANSWERABLE,HIGH,AUTHORITY|SETTING,0,NONE,NONE,AI_CANDIDATE_REVISED,REWRITTEN,DEVELOPMENT,SOCIALCUE-BN-GOLD-V1.0
F006-C,F006,C,Ei prostab ta onumodon kora dorkar.,UNCLEAR,PROFESSIONAL,REQUEST,PROPOSAL_AUTHOR,PROPOSAL_REVIEWER,EQUAL,OLDER,MEDIUM,SEMI_FORMAL,AGE,F006-A,APNI,TUMI,APNI|TUMI,ANSWERABLE,HIGH,AGE|FAMILIARITY|SETTING,0,NONE,NONE,AI_CANDIDATE_REVISED,REWRITTEN,DEVELOPMENT,SOCIALCUE-BN-GOLD-V1.0
F007-A,F007,A,Bari pouchhanor por ekbar janale bhalo hoy.,UNCLEAR,FAMILY,REMINDER,FAMILY_MEMBER,FAMILY_MEMBER,EQUAL,SIMILAR,HIGH,INFORMAL,NONE,F007-B|F007-C,TUMI,TUI,TUMI|TUI,ANSWERABLE,HIGH,FAMILIARITY|SETTING|KINSHIP,0,NONE,NONE,AI_CANDIDATE_REVISED,REWRITTEN,DEVELOPMENT,SOCIALCUE-BN-GOLD-V1.0
F007-B,F007,B,Bari pouchhanor por ekbar janale bhalo hoy.,UNCLEAR,FAMILY,REMINDER,FAMILY_MEMBER,FAMILY_MEMBER,EQUAL,OLDER,HIGH,INFORMAL,AGE,F007-A,TUMI,APNI,TUMI|APNI,ANSWERABLE,HIGH,AGE|FAMILIARITY|SETTING|KINSHIP,0,NONE,NONE,AI_CANDIDATE_REVISED,REWRITTEN,DEVELOPMENT,SOCIALCUE-BN-GOLD-V1.0
F007-C,F007,C,Bari pouchhanor por ekbar janale bhalo hoy.,UNCLEAR,FAMILY,REMINDER,FAMILY_MEMBER,FAMILY_MEMBER,EQUAL,SIMILAR,LOW,INFORMAL,FAMILIARITY,F007-A,APNI,TUMI,APNI|TUMI,ANSWERABLE,HIGH,FAMILIARITY|SETTING|KINSHIP,0,NONE,NONE,AI_CANDIDATE_REVISED,REWRITTEN,DEVELOPMENT,SOCIALCUE-BN-GOLD-V1.0
F008-A,F008,A,Ghorer kaj e ektu shahajjo dorkar.,UNCLEAR,FAMILY,REQUEST,FAMILY_MEMBER,FAMILY_MEMBER,EQUAL,SIMILAR,HIGH,INFORMAL,NONE,F008-B|F008-C,TUMI,TUI,TUMI|TUI,ANSWERABLE,HIGH,FAMILIARITY|SETTING|KINSHIP,0,NONE,NONE,AI_CANDIDATE_REVISED,REVIEWED,DEVELOPMENT,SOCIALCUE-BN-GOLD-V1.0
F008-B,F008,B,Ghorer kaj e ektu shahajjo dorkar.,UNCLEAR,FAMILY,REQUEST,FAMILY_MEMBER,FAMILY_MEMBER,HIGHER,SIMILAR,HIGH,INFORMAL,AUTHORITY,F008-A,APNI,TUMI,APNI|TUMI,ANSWERABLE,HIGH,AUTHORITY|FAMILIARITY|SETTING|KINSHIP,0,NONE,NONE,AI_CANDIDATE_REVISED,REVIEWED,DEVELOPMENT,SOCIALCUE-BN-GOLD-V1.0
F008-C,F008,C,Ghorer kaj e ektu shahajjo dorkar.,UNCLEAR,FAMILY,REQUEST,FAMILY_MEMBER,FAMILY_MEMBER,EQUAL,SIMILAR,LOW,INFORMAL,FAMILIARITY,F008-A,APNI,TUMI,APNI|TUMI,ANSWERABLE,HIGH,FAMILIARITY|SETTING|KINSHIP,0,NONE,NONE,AI_CANDIDATE_REVISED,REVIEWED,DEVELOPMENT,SOCIALCUE-BN-GOLD-V1.0
F009-A,F009,A,Oshudh ta rate khete hobe.,UNCLEAR,FAMILY,REMINDER,FAMILY_MEMBER,FAMILY_MEMBER,EQUAL,SIMILAR,HIGH,INFORMAL,NONE,F009-B|F009-C,TUMI,TUI,TUMI|TUI,ANSWERABLE,HIGH,FAMILIARITY|SETTING|KINSHIP,0,NONE,NONE,AI_CANDIDATE_REVISED,REVIEWED,DEVELOPMENT,SOCIALCUE-BN-GOLD-V1.0
F009-B,F009,B,Oshudh ta rate khete hobe.,UNCLEAR,FAMILY,REMINDER,FAMILY_MEMBER,FAMILY_MEMBER,EQUAL,OLDER,HIGH,INFORMAL,AGE,F009-A,TUMI,APNI,TUMI|APNI,ANSWERABLE,HIGH,AGE|FAMILIARITY|SETTING|KINSHIP,0,NONE,NONE,AI_CANDIDATE_REVISED,REVIEWED,DEVELOPMENT,SOCIALCUE-BN-GOLD-V1.0
F009-C,F009,C,Oshudh ta rate khete hobe.,UNCLEAR,FAMILY,REMINDER,FAMILY_MEMBER,FAMILY_MEMBER,EQUAL,SIMILAR,HIGH,FORMAL,SETTING,F009-A,APNI,TUMI,APNI|TUMI,ANSWERABLE,HIGH,FAMILIARITY|SETTING|KINSHIP,0,NONE,NONE,AI_CANDIDATE_REVISED,REVIEWED,DEVELOPMENT,SOCIALCUE-BN-GOLD-V1.0
F010-A,F010,A,Kal campus e dekha kora jabe?,UNCLEAR,FRIENDSHIP,INVITATION,UNIVERSITY_PEER,UNIVERSITY_PEER,EQUAL,SIMILAR,HIGH,INFORMAL,NONE,F010-B|F010-C,TUMI,TUI,TUMI|TUI,ANSWERABLE,HIGH,FAMILIARITY|SETTING,0.167,MODERATE,NONE,AI_CANDIDATE_REVISED,REWRITTEN,DEVELOPMENT,SOCIALCUE-BN-GOLD-V1.0
F010-B,F010,B,Kal campus e dekha kora jabe?,UNCLEAR,FRIENDSHIP,INVITATION,UNIVERSITY_PEER,UNIVERSITY_PEER,EQUAL,SIMILAR,LOW,INFORMAL,FAMILIARITY,F010-A,APNI,TUMI,APNI|TUMI,ANSWERABLE,HIGH,FAMILIARITY|SETTING,0.167,MODERATE,NONE,AI_CANDIDATE_REVISED,REWRITTEN,DEVELOPMENT,SOCIALCUE-BN-GOLD-V1.0
F010-C,F010,C,Kal campus e dekha kora jabe?,UNCLEAR,FRIENDSHIP,INVITATION,UNIVERSITY_PEER,UNIVERSITY_PEER,EQUAL,SIMILAR,HIGH,FORMAL,SETTING,F010-A,APNI,TUMI,APNI|TUMI,ANSWERABLE,HIGH,FAMILIARITY|SETTING,0.167,MODERATE,NONE,AI_CANDIDATE_REVISED,REWRITTEN,DEVELOPMENT,SOCIALCUE-BN-GOLD-V1.0
F011-A,F011,A,Ekta chhoto shahajjo dorkar chilo.,UNCLEAR,FRIENDSHIP,REQUEST,FRIEND,FRIEND,EQUAL,SIMILAR,HIGH,INFORMAL,NONE,F011-B|F011-C,TUMI,TUI,TUMI|TUI,ANSWERABLE,HIGH,FAMILIARITY|SETTING,0,NONE,NONE,AI_CANDIDATE_REVISED,REVIEWED,DEVELOPMENT,SOCIALCUE-BN-GOLD-V1.0
F011-B,F011,B,Ekta chhoto shahajjo dorkar chilo.,UNCLEAR,FRIENDSHIP,REQUEST,FRIEND,FRIEND,HIGHER,SIMILAR,HIGH,INFORMAL,AUTHORITY,F011-A,APNI,TUMI,APNI|TUMI,ANSWERABLE,HIGH,AUTHORITY|FAMILIARITY|SETTING,0,NONE,NONE,AI_CANDIDATE_REVISED,REVIEWED,DEVELOPMENT,SOCIALCUE-BN-GOLD-V1.0
F011-C,F011,C,Ekta chhoto shahajjo dorkar chilo.,UNCLEAR,FRIENDSHIP,REQUEST,FRIEND,FRIEND,EQUAL,OLDER,HIGH,INFORMAL,AGE,F011-A,TUMI,APNI,TUMI|APNI,ANSWERABLE,HIGH,AGE|FAMILIARITY|SETTING,0,NONE,NONE,AI_CANDIDATE_REVISED,REVIEWED,DEVELOPMENT,SOCIALCUE-BN-GOLD-V1.0
F012-A,F012,A,Ei thikanay jawar rasta ta jante chachchilam.,UNCLEAR,SERVICE_PUBLIC,QUESTION,PERSON_SEEKING_DIRECTIONS,PUBLIC_CONTACT,EQUAL,SIMILAR,LOW,INFORMAL,NONE,F012-B|F012-C,APNI,TUMI,APNI|TUMI,ANSWERABLE,HIGH,FAMILIARITY|SETTING,0,NONE,NONE,AI_CANDIDATE_REVISED,REWRITTEN,DEVELOPMENT,SOCIALCUE-BN-GOLD-V1.0
F012-B,F012,B,Ei thikanay jawar rasta ta jante chachchilam.,UNCLEAR,SERVICE_PUBLIC,QUESTION,PERSON_SEEKING_DIRECTIONS,PUBLIC_CONTACT,HIGHER,SIMILAR,LOW,INFORMAL,AUTHORITY,F012-A,APNI,,APNI,ANSWERABLE,HIGH,AUTHORITY|FAMILIARITY|SETTING,0,NONE,NONE,AI_CANDIDATE_REVISED,REWRITTEN,DEVELOPMENT,SOCIALCUE-BN-GOLD-V1.0
F012-C,F012,C,Ei thikanay jawar rasta ta jante chachchilam.,UNCLEAR,SERVICE_PUBLIC,QUESTION,PERSON_SEEKING_DIRECTIONS,PUBLIC_CONTACT,EQUAL,SIMILAR,LOW,FORMAL,SETTING,F012-A,APNI,,APNI,ANSWERABLE,HIGH,FAMILIARITY|SETTING,0,NONE,NONE,AI_CANDIDATE_REVISED,REWRITTEN,DEVELOPMENT,SOCIALCUE-BN-GOLD-V1.0
F013-A,F013,A,Appointment er shomoy ta confirm kora dorkar.,UNCLEAR,SERVICE_PUBLIC,FOLLOW_UP,SERVICE_USER,SERVICE_CONTACT,EQUAL,SIMILAR,HIGH,SEMI_FORMAL,NONE,F013-B|F013-C,TUMI,APNI,TUMI|APNI,ANSWERABLE,HIGH,FAMILIARITY|SETTING,0.286,MODERATE,NONE,AI_CANDIDATE_REVISED,REVIEWED,DEVELOPMENT,SOCIALCUE-BN-GOLD-V1.0
F013-B,F013,B,Appointment er shomoy ta confirm kora dorkar.,UNCLEAR,SERVICE_PUBLIC,FOLLOW_UP,SERVICE_USER,SERVICE_CONTACT,EQUAL,OLDER,HIGH,SEMI_FORMAL,AGE,F013-A,APNI,TUMI,APNI|TUMI,ANSWERABLE,HIGH,AGE|FAMILIARITY|SETTING,0.286,MODERATE,NONE,AI_CANDIDATE_REVISED,REVIEWED,DEVELOPMENT,SOCIALCUE-BN-GOLD-V1.0
F013-C,F013,C,Appointment er shomoy ta confirm kora dorkar.,UNCLEAR,SERVICE_PUBLIC,FOLLOW_UP,SERVICE_USER,SERVICE_CONTACT,EQUAL,SIMILAR,LOW,SEMI_FORMAL,FAMILIARITY,F013-A,APNI,TUMI,APNI|TUMI,ANSWERABLE,HIGH,FAMILIARITY|SETTING,0.286,MODERATE,NONE,AI_CANDIDATE_REVISED,REVIEWED,DEVELOPMENT,SOCIALCUE-BN-GOLD-V1.0
F014-A,F014,A,Group e post korar niyom ta ektu clear kora jabe?,UNCLEAR,ONLINE,QUESTION,ONLINE_GROUP_MEMBER,ONLINE_GROUP_MEMBER,EQUAL,SIMILAR,HIGH,INFORMAL,NONE,F014-B|F014-C,TUMI,,TUMI,ANSWERABLE,HIGH,FAMILIARITY|SETTING,0.3,MODERATE,NONE,AI_CANDIDATE_REVISED,REVIEWED,DEVELOPMENT,SOCIALCUE-BN-GOLD-V1.0
F014-B,F014,B,Group e post korar niyom ta ektu clear kora jabe?,UNCLEAR,ONLINE,QUESTION,ONLINE_GROUP_MEMBER,ONLINE_GROUP_MEMBER,HIGHER,SIMILAR,HIGH,INFORMAL,AUTHORITY,F014-A,APNI,TUMI,APNI|TUMI,ANSWERABLE,HIGH,AUTHORITY|FAMILIARITY|SETTING,0.3,MODERATE,NONE,AI_CANDIDATE_REVISED,REVIEWED,DEVELOPMENT,SOCIALCUE-BN-GOLD-V1.0
F014-C,F014,C,Group e post korar niyom ta ektu clear kora jabe?,UNCLEAR,ONLINE,QUESTION,ONLINE_GROUP_MEMBER,ONLINE_GROUP_MEMBER,EQUAL,SIMILAR,LOW,INFORMAL,FAMILIARITY,F014-A,APNI,TUMI,APNI|TUMI,ANSWERABLE,HIGH,FAMILIARITY|SETTING,0.3,MODERATE,NONE,AI_CANDIDATE_REVISED,REVIEWED,DEVELOPMENT,SOCIALCUE-BN-GOLD-V1.0
F015-A,F015,A,Ei tothyer source ta share kora jabe?,UNCLEAR,ONLINE,REQUEST,ONLINE_COMMUNITY_MEMBER,ONLINE_COMMUNITY_MEMBER,EQUAL,SIMILAR,MEDIUM,INFORMAL,NONE,F015-B|F015-C,TUMI,,TUMI,ANSWERABLE,HIGH,FAMILIARITY|SETTING,0.286,MODERATE,NONE,AI_CANDIDATE_REVISED,REVIEWED,DEVELOPMENT,SOCIALCUE-BN-GOLD-V1.0
F015-B,F015,B,Ei tothyer source ta share kora jabe?,UNCLEAR,ONLINE,REQUEST,ONLINE_COMMUNITY_MEMBER,ONLINE_COMMUNITY_MEMBER,EQUAL,OLDER,MEDIUM,INFORMAL,AGE,F015-A,APNI,TUMI,APNI|TUMI,ANSWERABLE,HIGH,AGE|FAMILIARITY|SETTING,0.286,MODERATE,NONE,AI_CANDIDATE_REVISED,REVIEWED,DEVELOPMENT,SOCIALCUE-BN-GOLD-V1.0
F015-C,F015,C,Ei tothyer source ta share kora jabe?,UNCLEAR,ONLINE,REQUEST,ONLINE_COMMUNITY_MEMBER,ONLINE_COMMUNITY_MEMBER,EQUAL,SIMILAR,MEDIUM,FORMAL,SETTING,F015-A,APNI,TUMI,APNI|TUMI,ANSWERABLE,HIGH,FAMILIARITY|SETTING,0.286,MODERATE,NONE,AI_CANDIDATE_REVISED,REVIEWED,DEVELOPMENT,SOCIALCUE-BN-GOLD-V1.0
F016-A,F016,A,Class er note ta ekbar pathano jabe?,UNCLEAR,ACADEMIC,REQUEST,STUDENT,ACADEMIC_CONTACT,EQUAL,SIMILAR,HIGH,INFORMAL,NONE,F016-B|F016-C,TUMI,,TUMI,ANSWERABLE,HIGH,FAMILIARITY|SETTING,0.143,LIGHT,NONE,AI_CANDIDATE_REVISED,REVIEWED,DEVELOPMENT,SOCIALCUE-BN-GOLD-V1.0
F016-B,F016,B,Class er note ta ekbar pathano jabe?,UNCLEAR,ACADEMIC,REQUEST,STUDENT,ACADEMIC_CONTACT,HIGHER,SIMILAR,HIGH,INFORMAL,AUTHORITY,F016-A,APNI,TUMI,APNI|TUMI,ANSWERABLE,HIGH,AUTHORITY|FAMILIARITY|SETTING,0.143,LIGHT,NONE,AI_CANDIDATE_REVISED,REVIEWED,DEVELOPMENT,SOCIALCUE-BN-GOLD-V1.0
F016-C,F016,C,Class er note ta ekbar pathano jabe?,UNCLEAR,ACADEMIC,REQUEST,STUDENT,ACADEMIC_CONTACT,EQUAL,OLDER,HIGH,INFORMAL,AGE,F016-A,TUMI,APNI,TUMI|APNI,ANSWERABLE,HIGH,AGE|FAMILIARITY|SETTING,0.143,LIGHT,NONE,AI_CANDIDATE_REVISED,REVIEWED,DEVELOPMENT,SOCIALCUE-BN-GOLD-V1.0
F017-A,F017,A,Agamikaler class ta kothay hobe jana ache?,UNCLEAR,ACADEMIC,QUESTION,STUDENT,ACADEMIC_CONTACT,LOWER,YOUNGER,HIGH,INFORMAL,NONE,F017-B|F017-C,TUI,TUMI,TUI|TUMI,ANSWERABLE,HIGH,AUTHORITY|AGE|FAMILIARITY|SETTING,0.143,LIGHT,NONE,AI_CANDIDATE_REVISED,REVIEWED,DEVELOPMENT,SOCIALCUE-BN-GOLD-V1.0
F017-B,F017,B,Agamikaler class ta kothay hobe jana ache?,UNCLEAR,ACADEMIC,QUESTION,STUDENT,ACADEMIC_CONTACT,EQUAL,YOUNGER,HIGH,INFORMAL,AUTHORITY,F017-A,TUMI,TUI,TUMI|TUI,ANSWERABLE,HIGH,AGE|FAMILIARITY|SETTING,0.143,LIGHT,NONE,AI_CANDIDATE_REVISED,REVIEWED,DEVELOPMENT,SOCIALCUE-BN-GOLD-V1.0
F017-C,F017,C,Agamikaler class ta kothay hobe jana ache?,UNCLEAR,ACADEMIC,QUESTION,STUDENT,ACADEMIC_CONTACT,LOWER,YOUNGER,LOW,INFORMAL,FAMILIARITY,F017-A,APNI,TUMI,APNI|TUMI,ANSWERABLE,HIGH,AUTHORITY|AGE|FAMILIARITY|SETTING,0.143,LIGHT,NONE,AI_CANDIDATE_REVISED,REVIEWED,DEVELOPMENT,SOCIALCUE-BN-GOLD-V1.0
F018-A,F018,A,Presentation er slide gulo dekhe motamot deya jabe?,UNCLEAR,ACADEMIC,REQUEST,STUDENT_PRESENTER,ACADEMIC_CONTACT,EQUAL,SIMILAR,MEDIUM,SEMI_FORMAL,NONE,F018-B|F018-C,TUMI,APNI,TUMI|APNI,ANSWERABLE,HIGH,FAMILIARITY|SETTING,0.25,MODERATE,NONE,AI_CANDIDATE_REVISED,REVIEWED,DEVELOPMENT,SOCIALCUE-BN-GOLD-V1.0
F018-B,F018,B,Presentation er slide gulo dekhe motamot deya jabe?,UNCLEAR,ACADEMIC,REQUEST,STUDENT_PRESENTER,ACADEMIC_CONTACT,HIGHER,SIMILAR,MEDIUM,SEMI_FORMAL,AUTHORITY,F018-A,APNI,TUMI,APNI|TUMI,ANSWERABLE,HIGH,AUTHORITY|SETTING,0.25,MODERATE,NONE,AI_CANDIDATE_REVISED,REVIEWED,DEVELOPMENT,SOCIALCUE-BN-GOLD-V1.0
F018-C,F018,C,Presentation er slide gulo dekhe motamot deya jabe?,UNCLEAR,ACADEMIC,REQUEST,STUDENT_PRESENTER,ACADEMIC_CONTACT,EQUAL,SIMILAR,MEDIUM,FORMAL,SETTING,F018-A,APNI,TUMI,APNI|TUMI,ANSWERABLE,HIGH,FAMILIARITY|SETTING,0.25,MODERATE,NONE,AI_CANDIDATE_REVISED,REVIEWED,DEVELOPMENT,SOCIALCUE-BN-GOLD-V1.0
F019-A,F019,A,Lab report jama deyar shomoy ta jana dorkar.,UNCLEAR,ACADEMIC,QUESTION,STUDENT,LAB_CONTACT,EQUAL,YOUNGER,HIGH,INFORMAL,NONE,F019-B|F019-C,TUMI,TUI,TUMI|TUI,ANSWERABLE,HIGH,AGE|FAMILIARITY|SETTING,0.25,MODERATE,NONE,AI_CANDIDATE_REVISED,REVIEWED,DEVELOPMENT,SOCIALCUE-BN-GOLD-V1.0
F019-B,F019,B,Lab report jama deyar shomoy ta jana dorkar.,UNCLEAR,ACADEMIC,QUESTION,STUDENT,LAB_CONTACT,EQUAL,OLDER,HIGH,INFORMAL,AGE,F019-A,TUMI,APNI,TUMI|APNI,ANSWERABLE,HIGH,AGE|FAMILIARITY|SETTING,0.25,MODERATE,NONE,AI_CANDIDATE_REVISED,REVIEWED,DEVELOPMENT,SOCIALCUE-BN-GOLD-V1.0
F019-C,F019,C,Lab report jama deyar shomoy ta jana dorkar.,UNCLEAR,ACADEMIC,QUESTION,STUDENT,LAB_CONTACT,EQUAL,YOUNGER,LOW,INFORMAL,FAMILIARITY,F019-A,APNI,TUMI,APNI|TUMI,ANSWERABLE,HIGH,AGE|FAMILIARITY|SETTING,0.25,MODERATE,NONE,AI_CANDIDATE_REVISED,REVIEWED,DEVELOPMENT,SOCIALCUE-BN-GOLD-V1.0
F020-A,F020,A,Research topic ta niye ektu alochona kora jabe?,UNCLEAR,ACADEMIC,REQUEST,STUDENT_RESEARCHER,ACADEMIC_CONTACT,EQUAL,SIMILAR,HIGH,INFORMAL,NONE,F020-B|F020-C,TUMI,,TUMI,ANSWERABLE,HIGH,FAMILIARITY|SETTING,0.125,LIGHT,NONE,AI_CANDIDATE_REVISED,REVIEWED,DEVELOPMENT,SOCIALCUE-BN-GOLD-V1.0
F020-B,F020,B,Research topic ta niye ektu alochona kora jabe?,UNCLEAR,ACADEMIC,REQUEST,STUDENT_RESEARCHER,ACADEMIC_CONTACT,EQUAL,OLDER,HIGH,INFORMAL,AGE,F020-A,TUMI,APNI,TUMI|APNI,ANSWERABLE,HIGH,AGE|FAMILIARITY|SETTING,0.125,LIGHT,NONE,AI_CANDIDATE_REVISED,REVIEWED,DEVELOPMENT,SOCIALCUE-BN-GOLD-V1.0
F020-C,F020,C,Research topic ta niye ektu alochona kora jabe?,UNCLEAR,ACADEMIC,REQUEST,STUDENT_RESEARCHER,ACADEMIC_CONTACT,EQUAL,SIMILAR,HIGH,FORMAL,SETTING,F020-A,APNI,TUMI,APNI|TUMI,ANSWERABLE,HIGH,FAMILIARITY|SETTING,0.125,LIGHT,NONE,AI_CANDIDATE_REVISED,REVIEWED,DEVELOPMENT,SOCIALCUE-BN-GOLD-V1.0
F021-A,F021,A,Course registration er bishoyta ektu bujhiye deya jabe?,UNCLEAR,ACADEMIC,REQUEST,STUDENT,ACADEMIC_CONTACT,EQUAL,SIMILAR,HIGH,INFORMAL,NONE,F021-B|F021-C,TUMI,,TUMI,ANSWERABLE,HIGH,FAMILIARITY|SETTING,0.25,MODERATE,NONE,AI_CANDIDATE_REVISED,REVIEWED,DEVELOPMENT,SOCIALCUE-BN-GOLD-V1.0
F021-B,F021,B,Course registration er bishoyta ektu bujhiye deya jabe?,UNCLEAR,ACADEMIC,REQUEST,STUDENT,ACADEMIC_CONTACT,EQUAL,SIMILAR,LOW,INFORMAL,FAMILIARITY,F021-A,APNI,TUMI,APNI|TUMI,ANSWERABLE,HIGH,FAMILIARITY|SETTING,0.25,MODERATE,NONE,AI_CANDIDATE_REVISED,REVIEWED,DEVELOPMENT,SOCIALCUE-BN-GOLD-V1.0
F021-C,F021,C,Course registration er bishoyta ektu bujhiye deya jabe?,UNCLEAR,ACADEMIC,REQUEST,STUDENT,ACADEMIC_CONTACT,EQUAL,SIMILAR,HIGH,FORMAL,SETTING,F021-A,APNI,TUMI,APNI|TUMI,ANSWERABLE,HIGH,FAMILIARITY|SETTING,0.25,MODERATE,NONE,AI_CANDIDATE_REVISED,REVIEWED,DEVELOPMENT,SOCIALCUE-BN-GOLD-V1.0
F022-A,F022,A,Quiz er syllabus ta abar bole deya jabe?,UNCLEAR,ACADEMIC,QUESTION,STUDENT,COURSE_CONTACT,HIGHER,SIMILAR,MEDIUM,SEMI_FORMAL,NONE,F022-B|F022-C,APNI,TUMI,APNI|TUMI,ANSWERABLE,HIGH,AUTHORITY|SETTING,0.25,MODERATE,NONE,AI_CANDIDATE_REVISED,REVIEWED,DEVELOPMENT,SOCIALCUE-BN-GOLD-V1.0
F022-B,F022,B,Quiz er syllabus ta abar bole deya jabe?,UNCLEAR,ACADEMIC,QUESTION,STUDENT,COURSE_CONTACT,EQUAL,SIMILAR,MEDIUM,SEMI_FORMAL,AUTHORITY,F022-A,TUMI,APNI,TUMI|APNI,ANSWERABLE,HIGH,FAMILIARITY|SETTING,0.25,MODERATE,NONE,AI_CANDIDATE_REVISED,REVIEWED,DEVELOPMENT,SOCIALCUE-BN-GOLD-V1.0
F022-C,F022,C,Quiz er syllabus ta abar bole deya jabe?,UNCLEAR,ACADEMIC,QUESTION,STUDENT,COURSE_CONTACT,HIGHER,SIMILAR,HIGH,SEMI_FORMAL,FAMILIARITY,F022-A,APNI,TUMI,APNI|TUMI,ANSWERABLE,HIGH,AUTHORITY|FAMILIARITY|SETTING,0.25,MODERATE,NONE,AI_CANDIDATE_REVISED,REVIEWED,DEVELOPMENT,SOCIALCUE-BN-GOLD-V1.0
F023-A,F023,A,Seminar er jogdaner thikana ta pathano jabe?,UNCLEAR,ACADEMIC,REQUEST,UNIVERSITY_MEMBER,SEMINAR_CONTACT,EQUAL,OLDER,MEDIUM,SEMI_FORMAL,NONE,F023-B|F023-C,APNI,TUMI,APNI|TUMI,ANSWERABLE,HIGH,AGE|FAMILIARITY|SETTING,0.143,LIGHT,NONE,AI_CANDIDATE_REVISED,REVIEWED,DEVELOPMENT,SOCIALCUE-BN-GOLD-V1.0
F023-B,F023,B,Seminar er jogdaner thikana ta pathano jabe?,UNCLEAR,ACADEMIC,REQUEST,UNIVERSITY_MEMBER,SEMINAR_CONTACT,EQUAL,SIMILAR,MEDIUM,SEMI_FORMAL,AGE,F023-A,TUMI,APNI,TUMI|APNI,ANSWERABLE,HIGH,FAMILIARITY|SETTING,0.143,LIGHT,NONE,AI_CANDIDATE_REVISED,REVIEWED,DEVELOPMENT,SOCIALCUE-BN-GOLD-V1.0
F023-C,F023,C,Seminar er jogdaner thikana ta pathano jabe?,UNCLEAR,ACADEMIC,REQUEST,UNIVERSITY_MEMBER,SEMINAR_CONTACT,EQUAL,OLDER,MEDIUM,INFORMAL,SETTING,F023-A,APNI,TUMI,APNI|TUMI,ANSWERABLE,HIGH,AGE|FAMILIARITY|SETTING,0.143,LIGHT,NONE,AI_CANDIDATE_REVISED,REVIEWED,DEVELOPMENT,SOCIALCUE-BN-GOLD-V1.0
F024-A,F024,A,Library boi ta kobe ferot dite hobe?,UNCLEAR,ACADEMIC,QUESTION,LIBRARY_USER,LIBRARY_CONTACT,EQUAL,SIMILAR,HIGH,INFORMAL,NONE,F024-B|F024-C,TUMI,,TUMI,ANSWERABLE,HIGH,FAMILIARITY|SETTING,0.143,LIGHT,NONE,AI_CANDIDATE_REVISED,REVIEWED,DEVELOPMENT,SOCIALCUE-BN-GOLD-V1.0
F024-B,F024,B,Library boi ta kobe ferot dite hobe?,UNCLEAR,ACADEMIC,QUESTION,LIBRARY_USER,LIBRARY_CONTACT,HIGHER,SIMILAR,HIGH,INFORMAL,AUTHORITY,F024-A,APNI,TUMI,APNI|TUMI,ANSWERABLE,HIGH,AUTHORITY|FAMILIARITY|SETTING,0.143,LIGHT,NONE,AI_CANDIDATE_REVISED,REVIEWED,DEVELOPMENT,SOCIALCUE-BN-GOLD-V1.0
F024-C,F024,C,Library boi ta kobe ferot dite hobe?,UNCLEAR,ACADEMIC,QUESTION,LIBRARY_USER,LIBRARY_CONTACT,EQUAL,OLDER,HIGH,INFORMAL,AGE,F024-A,TUMI,APNI,TUMI|APNI,ANSWERABLE,HIGH,AGE|FAMILIARITY|SETTING,0.143,LIGHT,NONE,AI_CANDIDATE_REVISED,REVIEWED,DEVELOPMENT,SOCIALCUE-BN-GOLD-V1.0
F025-A,F025,A,Prostab ta ajke dekha jabe?,UNCLEAR,ACADEMIC,REQUEST,PROJECT_MEMBER,PROJECT_CONTACT,LOWER,YOUNGER,HIGH,INFORMAL,NONE,F025-B|F025-C,TUI,TUMI,TUI|TUMI,ANSWERABLE,HIGH,AUTHORITY|AGE|FAMILIARITY|SETTING,0,NONE,NONE,AI_CANDIDATE_REVISED,REVIEWED,DEVELOPMENT,SOCIALCUE-BN-GOLD-V1.0
F025-B,F025,B,Prostab ta ajke dekha jabe?,UNCLEAR,ACADEMIC,REQUEST,PROJECT_MEMBER,PROJECT_CONTACT,EQUAL,YOUNGER,HIGH,INFORMAL,AUTHORITY,F025-A,TUMI,TUI,TUMI|TUI,ANSWERABLE,HIGH,AGE|FAMILIARITY|SETTING,0,NONE,NONE,AI_CANDIDATE_REVISED,REVIEWED,DEVELOPMENT,SOCIALCUE-BN-GOLD-V1.0
F025-C,F025,C,Prostab ta ajke dekha jabe?,UNCLEAR,ACADEMIC,REQUEST,PROJECT_MEMBER,PROJECT_CONTACT,LOWER,YOUNGER,LOW,INFORMAL,FAMILIARITY,F025-A,APNI,TUMI,APNI|TUMI,ANSWERABLE,HIGH,AUTHORITY|AGE|FAMILIARITY|SETTING,0,NONE,NONE,AI_CANDIDATE_REVISED,REVIEWED,DEVELOPMENT,SOCIALCUE-BN-GOLD-V1.0
F026-A,F026,A,Exam er kakkho ta jana ache?,UNCLEAR,ACADEMIC,QUESTION,STUDENT,ACADEMIC_CONTACT,EQUAL,SIMILAR,MEDIUM,SEMI_FORMAL,NONE,F026-B|F026-C,TUMI,APNI,TUMI|APNI,ANSWERABLE,HIGH,FAMILIARITY|SETTING,0.167,MODERATE,NONE,AI_CANDIDATE_REVISED,REVIEWED,DEVELOPMENT,SOCIALCUE-BN-GOLD-V1.0
F026-B,F026,B,Exam er kakkho ta jana ache?,UNCLEAR,ACADEMIC,QUESTION,STUDENT,ACADEMIC_CONTACT,HIGHER,SIMILAR,MEDIUM,SEMI_FORMAL,AUTHORITY,F026-A,APNI,TUMI,APNI|TUMI,ANSWERABLE,HIGH,AUTHORITY|SETTING,0.167,MODERATE,NONE,AI_CANDIDATE_REVISED,REVIEWED,DEVELOPMENT,SOCIALCUE-BN-GOLD-V1.0
F026-C,F026,C,Exam er kakkho ta jana ache?,UNCLEAR,ACADEMIC,QUESTION,STUDENT,ACADEMIC_CONTACT,EQUAL,SIMILAR,MEDIUM,FORMAL,SETTING,F026-A,APNI,TUMI,APNI|TUMI,ANSWERABLE,HIGH,FAMILIARITY|SETTING,0.167,MODERATE,NONE,AI_CANDIDATE_REVISED,REVIEWED,DEVELOPMENT,SOCIALCUE-BN-GOLD-V1.0
F027-A,F027,A,Attendance record ta ekbar check kora jabe?,UNCLEAR,ACADEMIC,REQUEST,STUDENT,COURSE_CONTACT,EQUAL,YOUNGER,HIGH,INFORMAL,NONE,F027-B|F027-C,TUMI,TUI,TUMI|TUI,ANSWERABLE,HIGH,AGE|FAMILIARITY|SETTING,0.286,MODERATE,NONE,AI_CANDIDATE_REVISED,REVIEWED,DEVELOPMENT,SOCIALCUE-BN-GOLD-V1.0
F027-B,F027,B,Attendance record ta ekbar check kora jabe?,UNCLEAR,ACADEMIC,REQUEST,STUDENT,COURSE_CONTACT,EQUAL,OLDER,HIGH,INFORMAL,AGE,F027-A,TUMI,APNI,TUMI|APNI,ANSWERABLE,HIGH,AGE|FAMILIARITY|SETTING,0.286,MODERATE,NONE,AI_CANDIDATE_REVISED,REVIEWED,DEVELOPMENT,SOCIALCUE-BN-GOLD-V1.0
F027-C,F027,C,Attendance record ta ekbar check kora jabe?,UNCLEAR,ACADEMIC,REQUEST,STUDENT,COURSE_CONTACT,EQUAL,YOUNGER,LOW,INFORMAL,FAMILIARITY,F027-A,APNI,TUMI,APNI|TUMI,ANSWERABLE,HIGH,AGE|FAMILIARITY|SETTING,0.286,MODERATE,NONE,AI_CANDIDATE_REVISED,REVIEWED,DEVELOPMENT,SOCIALCUE-BN-GOLD-V1.0
F028-A,F028,A,Thesis meeting ta onno dine neya jabe?,UNCLEAR,ACADEMIC,REQUEST,THESIS_STUDENT,THESIS_CONTACT,EQUAL,SIMILAR,HIGH,INFORMAL,NONE,F028-B|F028-C,TUMI,,TUMI,ANSWERABLE,HIGH,FAMILIARITY|SETTING,0.286,MODERATE,NONE,AI_CANDIDATE_REVISED,REVIEWED,DEVELOPMENT,SOCIALCUE-BN-GOLD-V1.0
F028-B,F028,B,Thesis meeting ta onno dine neya jabe?,UNCLEAR,ACADEMIC,REQUEST,THESIS_STUDENT,THESIS_CONTACT,EQUAL,OLDER,HIGH,INFORMAL,AGE,F028-A,TUMI,APNI,TUMI|APNI,ANSWERABLE,HIGH,AGE|FAMILIARITY|SETTING,0.286,MODERATE,NONE,AI_CANDIDATE_REVISED,REVIEWED,DEVELOPMENT,SOCIALCUE-BN-GOLD-V1.0
F028-C,F028,C,Thesis meeting ta onno dine neya jabe?,UNCLEAR,ACADEMIC,REQUEST,THESIS_STUDENT,THESIS_CONTACT,EQUAL,SIMILAR,HIGH,FORMAL,SETTING,F028-A,APNI,TUMI,APNI|TUMI,ANSWERABLE,HIGH,FAMILIARITY|SETTING,0.286,MODERATE,NONE,AI_CANDIDATE_REVISED,REVIEWED,DEVELOPMENT,SOCIALCUE-BN-GOLD-V1.0
F029-A,F029,A,Motamoter bishoygulo ektu bojhano jabe?,UNCLEAR,ACADEMIC,FOLLOW_UP,STUDENT,ACADEMIC_REVIEWER,EQUAL,SIMILAR,HIGH,INFORMAL,NONE,F029-B|F029-C,TUMI,,TUMI,ANSWERABLE,HIGH,FAMILIARITY|SETTING,0,NONE,NONE,AI_CANDIDATE_REVISED,REVIEWED,DEVELOPMENT,SOCIALCUE-BN-GOLD-V1.0
F029-B,F029,B,Motamoter bishoygulo ektu bojhano jabe?,UNCLEAR,ACADEMIC,FOLLOW_UP,STUDENT,ACADEMIC_REVIEWER,EQUAL,SIMILAR,LOW,INFORMAL,FAMILIARITY,F029-A,APNI,TUMI,APNI|TUMI,ANSWERABLE,HIGH,FAMILIARITY|SETTING,0,NONE,NONE,AI_CANDIDATE_REVISED,REVIEWED,DEVELOPMENT,SOCIALCUE-BN-GOLD-V1.0
F029-C,F029,C,Motamoter bishoygulo ektu bojhano jabe?,UNCLEAR,ACADEMIC,FOLLOW_UP,STUDENT,ACADEMIC_REVIEWER,EQUAL,SIMILAR,HIGH,FORMAL,SETTING,F029-A,APNI,TUMI,APNI|TUMI,ANSWERABLE,HIGH,FAMILIARITY|SETTING,0,NONE,NONE,AI_CANDIDATE_REVISED,REVIEWED,DEVELOPMENT,SOCIALCUE-BN-GOLD-V1.0
F030-A,F030,A,Group assignment er kaj ta vag kore neya jabe?,UNCLEAR,ACADEMIC,SUGGESTION,STUDENT_GROUP_MEMBER,STUDENT_GROUP_MEMBER,HIGHER,SIMILAR,MEDIUM,SEMI_FORMAL,NONE,F030-B|F030-C,APNI,TUMI,APNI|TUMI,ANSWERABLE,HIGH,AUTHORITY|SETTING,0.222,MODERATE,NONE,AI_CANDIDATE_REVISED,REVIEWED,DEVELOPMENT,SOCIALCUE-BN-GOLD-V1.0
F030-B,F030,B,Group assignment er kaj ta vag kore neya jabe?,UNCLEAR,ACADEMIC,SUGGESTION,STUDENT_GROUP_MEMBER,STUDENT_GROUP_MEMBER,EQUAL,SIMILAR,MEDIUM,SEMI_FORMAL,AUTHORITY,F030-A,TUMI,APNI,TUMI|APNI,ANSWERABLE,HIGH,FAMILIARITY|SETTING,0.222,MODERATE,NONE,AI_CANDIDATE_REVISED,REVIEWED,DEVELOPMENT,SOCIALCUE-BN-GOLD-V1.0
F030-C,F030,C,Group assignment er kaj ta vag kore neya jabe?,UNCLEAR,ACADEMIC,SUGGESTION,STUDENT_GROUP_MEMBER,STUDENT_GROUP_MEMBER,HIGHER,SIMILAR,HIGH,SEMI_FORMAL,FAMILIARITY,F030-A,APNI,TUMI,APNI|TUMI,ANSWERABLE,HIGH,AUTHORITY|FAMILIARITY|SETTING,0.222,MODERATE,NONE,AI_CANDIDATE_REVISED,REVIEWED,DEVELOPMENT,SOCIALCUE-BN-GOLD-V1.0
F031-A,F031,A,Certificate er abedon ta kothay jama dite hobe?,UNCLEAR,ACADEMIC,QUESTION,STUDENT,UNIVERSITY_CONTACT,EQUAL,OLDER,MEDIUM,SEMI_FORMAL,NONE,F031-B|F031-C,APNI,TUMI,APNI|TUMI,ANSWERABLE,HIGH,AGE|FAMILIARITY|SETTING,0.125,LIGHT,NONE,AI_CANDIDATE_REVISED,REVIEWED,TEST,SOCIALCUE-BN-GOLD-V1.0
F031-B,F031,B,Certificate er abedon ta kothay jama dite hobe?,UNCLEAR,ACADEMIC,QUESTION,STUDENT,UNIVERSITY_CONTACT,EQUAL,SIMILAR,MEDIUM,SEMI_FORMAL,AGE,F031-A,TUMI,APNI,TUMI|APNI,ANSWERABLE,HIGH,FAMILIARITY|SETTING,0.125,LIGHT,NONE,AI_CANDIDATE_REVISED,REVIEWED,TEST,SOCIALCUE-BN-GOLD-V1.0
F031-C,F031,C,Certificate er abedon ta kothay jama dite hobe?,UNCLEAR,ACADEMIC,QUESTION,STUDENT,UNIVERSITY_CONTACT,EQUAL,OLDER,MEDIUM,INFORMAL,SETTING,F031-A,APNI,TUMI,APNI|TUMI,ANSWERABLE,HIGH,AGE|FAMILIARITY|SETTING,0.125,LIGHT,NONE,AI_CANDIDATE_REVISED,REVIEWED,TEST,SOCIALCUE-BN-GOLD-V1.0
F032-A,F032,A,Class test er tarikh ta ki thik ache?,UNCLEAR,ACADEMIC,CONFIRMATION,STUDENT,COURSE_CONTACT,EQUAL,SIMILAR,HIGH,INFORMAL,NONE,F032-B|F032-C,TUMI,,TUMI,ANSWERABLE,HIGH,FAMILIARITY|SETTING,0.25,MODERATE,NONE,AI_CANDIDATE_REVISED,REVIEWED,TEST,SOCIALCUE-BN-GOLD-V1.0
F032-B,F032,B,Class test er tarikh ta ki thik ache?,UNCLEAR,ACADEMIC,CONFIRMATION,STUDENT,COURSE_CONTACT,HIGHER,SIMILAR,HIGH,INFORMAL,AUTHORITY,F032-A,APNI,TUMI,APNI|TUMI,ANSWERABLE,HIGH,AUTHORITY|FAMILIARITY|SETTING,0.25,MODERATE,NONE,AI_CANDIDATE_REVISED,REVIEWED,TEST,SOCIALCUE-BN-GOLD-V1.0
F032-C,F032,C,Class test er tarikh ta ki thik ache?,UNCLEAR,ACADEMIC,CONFIRMATION,STUDENT,COURSE_CONTACT,EQUAL,OLDER,HIGH,INFORMAL,AGE,F032-A,TUMI,APNI,TUMI|APNI,ANSWERABLE,HIGH,AGE|FAMILIARITY|SETTING,0.25,MODERATE,NONE,AI_CANDIDATE_REVISED,REVIEWED,TEST,SOCIALCUE-BN-GOLD-V1.0
F033-A,F033,A,Supervisor er shathe dekhar shomoy ta jana dorkar.,UNCLEAR,ACADEMIC,REQUEST,THESIS_STUDENT,ACADEMIC_CONTACT,LOWER,YOUNGER,HIGH,INFORMAL,NONE,F033-B|F033-C,TUI,TUMI,TUI|TUMI,ANSWERABLE,HIGH,AUTHORITY|AGE|FAMILIARITY|SETTING,0.125,LIGHT,NONE,AI_CANDIDATE_REVISED,REVIEWED,TEST,SOCIALCUE-BN-GOLD-V1.0
F033-B,F033,B,Supervisor er shathe dekhar shomoy ta jana dorkar.,UNCLEAR,ACADEMIC,REQUEST,THESIS_STUDENT,ACADEMIC_CONTACT,EQUAL,YOUNGER,HIGH,INFORMAL,AUTHORITY,F033-A,TUMI,TUI,TUMI|TUI,ANSWERABLE,HIGH,AGE|FAMILIARITY|SETTING,0.125,LIGHT,NONE,AI_CANDIDATE_REVISED,REVIEWED,TEST,SOCIALCUE-BN-GOLD-V1.0
F033-C,F033,C,Supervisor er shathe dekhar shomoy ta jana dorkar.,UNCLEAR,ACADEMIC,REQUEST,THESIS_STUDENT,ACADEMIC_CONTACT,LOWER,YOUNGER,LOW,INFORMAL,FAMILIARITY,F033-A,APNI,TUMI,APNI|TUMI,ANSWERABLE,HIGH,AUTHORITY|AGE|FAMILIARITY|SETTING,0.125,LIGHT,NONE,AI_CANDIDATE_REVISED,REVIEWED,TEST,SOCIALCUE-BN-GOLD-V1.0
F034-A,F034,A,Reference gulo ekbar pathano jabe?,UNCLEAR,ACADEMIC,REQUEST,STUDENT_WRITER,ACADEMIC_CONTACT,EQUAL,SIMILAR,MEDIUM,SEMI_FORMAL,NONE,F034-B|F034-C,TUMI,APNI,TUMI|APNI,ANSWERABLE,HIGH,FAMILIARITY|SETTING,0.2,MODERATE,NONE,AI_CANDIDATE_REVISED,REVIEWED,TEST,SOCIALCUE-BN-GOLD-V1.0
F034-B,F034,B,Reference gulo ekbar pathano jabe?,UNCLEAR,ACADEMIC,REQUEST,STUDENT_WRITER,ACADEMIC_CONTACT,HIGHER,SIMILAR,MEDIUM,SEMI_FORMAL,AUTHORITY,F034-A,APNI,TUMI,APNI|TUMI,ANSWERABLE,HIGH,AUTHORITY|SETTING,0.2,MODERATE,NONE,AI_CANDIDATE_REVISED,REVIEWED,TEST,SOCIALCUE-BN-GOLD-V1.0
F034-C,F034,C,Reference gulo ekbar pathano jabe?,UNCLEAR,ACADEMIC,REQUEST,STUDENT_WRITER,ACADEMIC_CONTACT,EQUAL,SIMILAR,MEDIUM,FORMAL,SETTING,F034-A,APNI,TUMI,APNI|TUMI,ANSWERABLE,HIGH,FAMILIARITY|SETTING,0.2,MODERATE,NONE,AI_CANDIDATE_REVISED,REVIEWED,TEST,SOCIALCUE-BN-GOLD-V1.0
F035-A,F035,A,Workshop er nibondhon shesh hoyeche ki?,UNCLEAR,ACADEMIC,QUESTION,UNIVERSITY_MEMBER,WORKSHOP_CONTACT,EQUAL,YOUNGER,HIGH,INFORMAL,NONE,F035-B|F035-C,TUMI,TUI,TUMI|TUI,ANSWERABLE,HIGH,AGE|FAMILIARITY|SETTING,0.167,MODERATE,NONE,AI_CANDIDATE_REVISED,REVIEWED,TEST,SOCIALCUE-BN-GOLD-V1.0
F035-B,F035,B,Workshop er nibondhon shesh hoyeche ki?,UNCLEAR,ACADEMIC,QUESTION,UNIVERSITY_MEMBER,WORKSHOP_CONTACT,EQUAL,OLDER,HIGH,INFORMAL,AGE,F035-A,TUMI,APNI,TUMI|APNI,ANSWERABLE,HIGH,AGE|FAMILIARITY|SETTING,0.167,MODERATE,NONE,AI_CANDIDATE_REVISED,REVIEWED,TEST,SOCIALCUE-BN-GOLD-V1.0
F035-C,F035,C,Workshop er nibondhon shesh hoyeche ki?,UNCLEAR,ACADEMIC,QUESTION,UNIVERSITY_MEMBER,WORKSHOP_CONTACT,EQUAL,YOUNGER,LOW,INFORMAL,FAMILIARITY,F035-A,APNI,TUMI,APNI|TUMI,ANSWERABLE,HIGH,AGE|FAMILIARITY|SETTING,0.167,MODERATE,NONE,AI_CANDIDATE_REVISED,REVIEWED,TEST,SOCIALCUE-BN-GOLD-V1.0
F036-A,F036,A,Course er notun ruprrekha ta dorkar.,UNCLEAR,ACADEMIC,REQUEST,STUDENT,COURSE_CONTACT,EQUAL,SIMILAR,HIGH,INFORMAL,NONE,F036-B|F036-C,TUMI,,TUMI,ANSWERABLE,HIGH,FAMILIARITY|SETTING,0.167,MODERATE,NONE,AI_CANDIDATE_REVISED,REVIEWED,TEST,SOCIALCUE-BN-GOLD-V1.0
F036-B,F036,B,Course er notun ruprrekha ta dorkar.,UNCLEAR,ACADEMIC,REQUEST,STUDENT,COURSE_CONTACT,EQUAL,OLDER,HIGH,INFORMAL,AGE,F036-A,TUMI,APNI,TUMI|APNI,ANSWERABLE,HIGH,AGE|FAMILIARITY|SETTING,0.167,MODERATE,NONE,AI_CANDIDATE_REVISED,REVIEWED,TEST,SOCIALCUE-BN-GOLD-V1.0
F036-C,F036,C,Course er notun ruprrekha ta dorkar.,UNCLEAR,ACADEMIC,REQUEST,STUDENT,COURSE_CONTACT,EQUAL,SIMILAR,HIGH,FORMAL,SETTING,F036-A,APNI,TUMI,APNI|TUMI,ANSWERABLE,HIGH,FAMILIARITY|SETTING,0.167,MODERATE,NONE,AI_CANDIDATE_REVISED,REVIEWED,TEST,SOCIALCUE-BN-GOLD-V1.0
F037-A,F037,A,Practical exam er niyom ta ektu bojhano jabe?,UNCLEAR,ACADEMIC,REQUEST,STUDENT,LAB_CONTACT,EQUAL,SIMILAR,HIGH,INFORMAL,NONE,F037-B|F037-C,TUMI,,TUMI,ANSWERABLE,HIGH,FAMILIARITY|SETTING,0.25,MODERATE,NONE,AI_CANDIDATE_REVISED,REVIEWED,TEST,SOCIALCUE-BN-GOLD-V1.0
F037-B,F037,B,Practical exam er niyom ta ektu bojhano jabe?,UNCLEAR,ACADEMIC,REQUEST,STUDENT,LAB_CONTACT,EQUAL,SIMILAR,LOW,INFORMAL,FAMILIARITY,F037-A,APNI,TUMI,APNI|TUMI,ANSWERABLE,HIGH,FAMILIARITY|SETTING,0.25,MODERATE,NONE,AI_CANDIDATE_REVISED,REVIEWED,TEST,SOCIALCUE-BN-GOLD-V1.0
F037-C,F037,C,Practical exam er niyom ta ektu bojhano jabe?,UNCLEAR,ACADEMIC,REQUEST,STUDENT,LAB_CONTACT,EQUAL,SIMILAR,HIGH,FORMAL,SETTING,F037-A,APNI,TUMI,APNI|TUMI,ANSWERABLE,HIGH,FAMILIARITY|SETTING,0.25,MODERATE,NONE,AI_CANDIDATE_REVISED,REVIEWED,TEST,SOCIALCUE-BN-GOLD-V1.0
F038-A,F038,A,Assignment er number ta abar dekha jabe?,UNCLEAR,ACADEMIC,REQUEST,STUDENT,COURSE_CONTACT,HIGHER,SIMILAR,MEDIUM,SEMI_FORMAL,NONE,F038-B|F038-C,APNI,TUMI,APNI|TUMI,ANSWERABLE,HIGH,AUTHORITY|SETTING,0.286,MODERATE,NONE,AI_CANDIDATE_REVISED,REVIEWED,TEST,SOCIALCUE-BN-GOLD-V1.0
F038-B,F038,B,Assignment er number ta abar dekha jabe?,UNCLEAR,ACADEMIC,REQUEST,STUDENT,COURSE_CONTACT,EQUAL,SIMILAR,MEDIUM,SEMI_FORMAL,AUTHORITY,F038-A,TUMI,APNI,TUMI|APNI,ANSWERABLE,HIGH,FAMILIARITY|SETTING,0.286,MODERATE,NONE,AI_CANDIDATE_REVISED,REVIEWED,TEST,SOCIALCUE-BN-GOLD-V1.0
F038-C,F038,C,Assignment er number ta abar dekha jabe?,UNCLEAR,ACADEMIC,REQUEST,STUDENT,COURSE_CONTACT,HIGHER,SIMILAR,HIGH,SEMI_FORMAL,FAMILIARITY,F038-A,APNI,TUMI,APNI|TUMI,ANSWERABLE,HIGH,AUTHORITY|FAMILIARITY|SETTING,0.286,MODERATE,NONE,AI_CANDIDATE_REVISED,REVIEWED,TEST,SOCIALCUE-BN-GOLD-V1.0
F039-A,F039,A,Campus bus er shomoy ta jana ache?,UNCLEAR,ACADEMIC,QUESTION,UNIVERSITY_MEMBER,UNIVERSITY_CONTACT,EQUAL,OLDER,MEDIUM,SEMI_FORMAL,NONE,F039-B|F039-C,APNI,TUMI,APNI|TUMI,ANSWERABLE,HIGH,AGE|FAMILIARITY|SETTING,0.286,MODERATE,NONE,AI_CANDIDATE_REVISED,REVIEWED,TEST,SOCIALCUE-BN-GOLD-V1.0
F039-B,F039,B,Campus bus er shomoy ta jana ache?,UNCLEAR,ACADEMIC,QUESTION,UNIVERSITY_MEMBER,UNIVERSITY_CONTACT,EQUAL,SIMILAR,MEDIUM,SEMI_FORMAL,AGE,F039-A,TUMI,APNI,TUMI|APNI,ANSWERABLE,HIGH,FAMILIARITY|SETTING,0.286,MODERATE,NONE,AI_CANDIDATE_REVISED,REVIEWED,TEST,SOCIALCUE-BN-GOLD-V1.0
F039-C,F039,C,Campus bus er shomoy ta jana ache?,UNCLEAR,ACADEMIC,QUESTION,UNIVERSITY_MEMBER,UNIVERSITY_CONTACT,EQUAL,OLDER,MEDIUM,INFORMAL,SETTING,F039-A,APNI,TUMI,APNI|TUMI,ANSWERABLE,HIGH,AGE|FAMILIARITY|SETTING,0.286,MODERATE,NONE,AI_CANDIDATE_REVISED,REVIEWED,TEST,SOCIALCUE-BN-GOLD-V1.0
F040-A,F040,A,Britti abedon ta puron korte ektu shahajjo dorkar.,UNCLEAR,ACADEMIC,REQUEST,STUDENT,ACADEMIC_CONTACT,EQUAL,SIMILAR,HIGH,INFORMAL,NONE,F040-B|F040-C,TUMI,,TUMI,ANSWERABLE,HIGH,FAMILIARITY|SETTING,0,NONE,NONE,AI_CANDIDATE_REVISED,REVIEWED,TEST,SOCIALCUE-BN-GOLD-V1.0
F040-B,F040,B,Britti abedon ta puron korte ektu shahajjo dorkar.,UNCLEAR,ACADEMIC,REQUEST,STUDENT,ACADEMIC_CONTACT,HIGHER,SIMILAR,HIGH,INFORMAL,AUTHORITY,F040-A,APNI,TUMI,APNI|TUMI,ANSWERABLE,HIGH,AUTHORITY|FAMILIARITY|SETTING,0,NONE,NONE,AI_CANDIDATE_REVISED,REVIEWED,TEST,SOCIALCUE-BN-GOLD-V1.0
F040-C,F040,C,Britti abedon ta puron korte ektu shahajjo dorkar.,UNCLEAR,ACADEMIC,REQUEST,STUDENT,ACADEMIC_CONTACT,EQUAL,OLDER,HIGH,INFORMAL,AGE,F040-A,TUMI,APNI,TUMI|APNI,ANSWERABLE,HIGH,AGE|FAMILIARITY|SETTING,0,NONE,NONE,AI_CANDIDATE_REVISED,REVIEWED,TEST,SOCIALCUE-BN-GOLD-V1.0
F041-A,F041,A,Porashonar doler alochona ta shondhay rakha jabe?,UNCLEAR,ACADEMIC,SUGGESTION,STUDY_GROUP_MEMBER,STUDY_GROUP_MEMBER,LOWER,YOUNGER,HIGH,INFORMAL,NONE,F041-B|F041-C,TUI,TUMI,TUI|TUMI,ANSWERABLE,HIGH,AUTHORITY|AGE|FAMILIARITY|SETTING,0,NONE,NONE,AI_CANDIDATE_REVISED,REVIEWED,TEST,SOCIALCUE-BN-GOLD-V1.0
F041-B,F041,B,Porashonar doler alochona ta shondhay rakha jabe?,UNCLEAR,ACADEMIC,SUGGESTION,STUDY_GROUP_MEMBER,STUDY_GROUP_MEMBER,EQUAL,YOUNGER,HIGH,INFORMAL,AUTHORITY,F041-A,TUMI,TUI,TUMI|TUI,ANSWERABLE,HIGH,AGE|FAMILIARITY|SETTING,0,NONE,NONE,AI_CANDIDATE_REVISED,REVIEWED,TEST,SOCIALCUE-BN-GOLD-V1.0
F041-C,F041,C,Porashonar doler alochona ta shondhay rakha jabe?,UNCLEAR,ACADEMIC,SUGGESTION,STUDY_GROUP_MEMBER,STUDY_GROUP_MEMBER,LOWER,YOUNGER,LOW,INFORMAL,FAMILIARITY,F041-A,APNI,TUMI,APNI|TUMI,ANSWERABLE,HIGH,AUTHORITY|AGE|FAMILIARITY|SETTING,0,NONE,NONE,AI_CANDIDATE_REVISED,REVIEWED,TEST,SOCIALCUE-BN-GOLD-V1.0
F042-A,F042,A,Viva preparation niye ektu kotha bola jabe?,UNCLEAR,ACADEMIC,REQUEST,STUDENT,ACADEMIC_CONTACT,EQUAL,SIMILAR,MEDIUM,SEMI_FORMAL,NONE,F042-B|F042-C,TUMI,APNI,TUMI|APNI,ANSWERABLE,HIGH,FAMILIARITY|SETTING,0.286,MODERATE,NONE,AI_CANDIDATE_REVISED,REVIEWED,TEST,SOCIALCUE-BN-GOLD-V1.0
F042-B,F042,B,Viva preparation niye ektu kotha bola jabe?,UNCLEAR,ACADEMIC,REQUEST,STUDENT,ACADEMIC_CONTACT,HIGHER,SIMILAR,MEDIUM,SEMI_FORMAL,AUTHORITY,F042-A,APNI,TUMI,APNI|TUMI,ANSWERABLE,HIGH,AUTHORITY|SETTING,0.286,MODERATE,NONE,AI_CANDIDATE_REVISED,REVIEWED,TEST,SOCIALCUE-BN-GOLD-V1.0
F042-C,F042,C,Viva preparation niye ektu kotha bola jabe?,UNCLEAR,ACADEMIC,REQUEST,STUDENT,ACADEMIC_CONTACT,EQUAL,SIMILAR,MEDIUM,FORMAL,SETTING,F042-A,APNI,TUMI,APNI|TUMI,ANSWERABLE,HIGH,FAMILIARITY|SETTING,0.286,MODERATE,NONE,AI_CANDIDATE_REVISED,REVIEWED,TEST,SOCIALCUE-BN-GOLD-V1.0
F043-A,F043,A,Ajker meeting er shomoy ta pichhano jabe?,UNCLEAR,PROFESSIONAL,REQUEST,EMPLOYEE,WORKPLACE_CONTACT,EQUAL,YOUNGER,HIGH,INFORMAL,NONE,F043-B|F043-C,TUMI,TUI,TUMI|TUI,ANSWERABLE,HIGH,AGE|FAMILIARITY|SETTING,0.143,LIGHT,NONE,AI_CANDIDATE_REVISED,REVIEWED,TEST,SOCIALCUE-BN-GOLD-V1.0
F043-B,F043,B,Ajker meeting er shomoy ta pichhano jabe?,UNCLEAR,PROFESSIONAL,REQUEST,EMPLOYEE,WORKPLACE_CONTACT,EQUAL,OLDER,HIGH,INFORMAL,AGE,F043-A,TUMI,APNI,TUMI|APNI,ANSWERABLE,HIGH,AGE|FAMILIARITY|SETTING,0.143,LIGHT,NONE,AI_CANDIDATE_REVISED,REVIEWED,TEST,SOCIALCUE-BN-GOLD-V1.0
F043-C,F043,C,Ajker meeting er shomoy ta pichhano jabe?,UNCLEAR,PROFESSIONAL,REQUEST,EMPLOYEE,WORKPLACE_CONTACT,EQUAL,YOUNGER,LOW,INFORMAL,FAMILIARITY,F043-A,APNI,TUMI,APNI|TUMI,ANSWERABLE,HIGH,AGE|FAMILIARITY|SETTING,0.143,LIGHT,NONE,AI_CANDIDATE_REVISED,REVIEWED,TEST,SOCIALCUE-BN-GOLD-V1.0
F044-A,F044,A,Invoice ta ekbar pathano jabe?,UNCLEAR,PROFESSIONAL,REQUEST,EMPLOYEE,WORKPLACE_CONTACT,EQUAL,SIMILAR,HIGH,INFORMAL,NONE,F044-B|F044-C,TUMI,,TUMI,ANSWERABLE,HIGH,FAMILIARITY|SETTING,0.2,MODERATE,NONE,AI_CANDIDATE_REVISED,REVIEWED,TEST,SOCIALCUE-BN-GOLD-V1.0
F044-B,F044,B,Invoice ta ekbar pathano jabe?,UNCLEAR,PROFESSIONAL,REQUEST,EMPLOYEE,WORKPLACE_CONTACT,EQUAL,OLDER,HIGH,INFORMAL,AGE,F044-A,TUMI,APNI,TUMI|APNI,ANSWERABLE,HIGH,AGE|FAMILIARITY|SETTING,0.2,MODERATE,NONE,AI_CANDIDATE_REVISED,REVIEWED,TEST,SOCIALCUE-BN-GOLD-V1.0
F044-C,F044,C,Invoice ta ekbar pathano jabe?,UNCLEAR,PROFESSIONAL,REQUEST,EMPLOYEE,WORKPLACE_CONTACT,EQUAL,SIMILAR,HIGH,FORMAL,SETTING,F044-A,APNI,TUMI,APNI|TUMI,ANSWERABLE,HIGH,FAMILIARITY|SETTING,0.2,MODERATE,NONE,AI_CANDIDATE_REVISED,REVIEWED,TEST,SOCIALCUE-BN-GOLD-V1.0
F045-A,F045,A,Delivery er obostha ta jana dorkar.,UNCLEAR,PROFESSIONAL,FOLLOW_UP,EMPLOYEE,WORKPLACE_CONTACT,EQUAL,SIMILAR,HIGH,INFORMAL,NONE,F045-B|F045-C,TUMI,,TUMI,ANSWERABLE,HIGH,FAMILIARITY|SETTING,0.167,MODERATE,NONE,AI_CANDIDATE_REVISED,REVIEWED,TEST,SOCIALCUE-BN-GOLD-V1.0
F045-B,F045,B,Delivery er obostha ta jana dorkar.,UNCLEAR,PROFESSIONAL,FOLLOW_UP,EMPLOYEE,WORKPLACE_CONTACT,EQUAL,SIMILAR,LOW,INFORMAL,FAMILIARITY,F045-A,APNI,TUMI,APNI|TUMI,ANSWERABLE,HIGH,FAMILIARITY|SETTING,0.167,MODERATE,NONE,AI_CANDIDATE_REVISED,REVIEWED,TEST,SOCIALCUE-BN-GOLD-V1.0
F045-C,F045,C,Delivery er obostha ta jana dorkar.,UNCLEAR,PROFESSIONAL,FOLLOW_UP,EMPLOYEE,WORKPLACE_CONTACT,EQUAL,SIMILAR,HIGH,FORMAL,SETTING,F045-A,APNI,TUMI,APNI|TUMI,ANSWERABLE,HIGH,FAMILIARITY|SETTING,0.167,MODERATE,NONE,AI_CANDIDATE_REVISED,REVIEWED,TEST,SOCIALCUE-BN-GOLD-V1.0
F046-A,F046,A,Client er motamot ta ekbar janano jabe?,UNCLEAR,PROFESSIONAL,REQUEST,TEAM_MEMBER,WORKPLACE_CONTACT,HIGHER,SIMILAR,MEDIUM,SEMI_FORMAL,NONE,F046-B|F046-C,APNI,TUMI,APNI|TUMI,ANSWERABLE,HIGH,AUTHORITY|SETTING,0.143,LIGHT,NONE,AI_CANDIDATE_REVISED,REVIEWED,TEST,SOCIALCUE-BN-GOLD-V1.0
F046-B,F046,B,Client er motamot ta ekbar janano jabe?,UNCLEAR,PROFESSIONAL,REQUEST,TEAM_MEMBER,WORKPLACE_CONTACT,EQUAL,SIMILAR,MEDIUM,SEMI_FORMAL,AUTHORITY,F046-A,TUMI,APNI,TUMI|APNI,ANSWERABLE,HIGH,FAMILIARITY|SETTING,0.143,LIGHT,NONE,AI_CANDIDATE_REVISED,REVIEWED,TEST,SOCIALCUE-BN-GOLD-V1.0
F046-C,F046,C,Client er motamot ta ekbar janano jabe?,UNCLEAR,PROFESSIONAL,REQUEST,TEAM_MEMBER,WORKPLACE_CONTACT,HIGHER,SIMILAR,HIGH,SEMI_FORMAL,FAMILIARITY,F046-A,APNI,TUMI,APNI|TUMI,ANSWERABLE,HIGH,AUTHORITY|FAMILIARITY|SETTING,0.143,LIGHT,NONE,AI_CANDIDATE_REVISED,REVIEWED,TEST,SOCIALCUE-BN-GOLD-V1.0
F047-A,F047,A,Budget er hisab ta dekha dorkar.,UNCLEAR,PROFESSIONAL,REQUEST,TEAM_MEMBER,WORKPLACE_CONTACT,EQUAL,OLDER,MEDIUM,SEMI_FORMAL,NONE,F047-B|F047-C,APNI,TUMI,APNI|TUMI,ANSWERABLE,HIGH,AGE|FAMILIARITY|SETTING,0.167,MODERATE,NONE,AI_CANDIDATE_REVISED,REVIEWED,TEST,SOCIALCUE-BN-GOLD-V1.0
F047-B,F047,B,Budget er hisab ta dekha dorkar.,UNCLEAR,PROFESSIONAL,REQUEST,TEAM_MEMBER,WORKPLACE_CONTACT,EQUAL,SIMILAR,MEDIUM,SEMI_FORMAL,AGE,F047-A,TUMI,APNI,TUMI|APNI,ANSWERABLE,HIGH,FAMILIARITY|SETTING,0.167,MODERATE,NONE,AI_CANDIDATE_REVISED,REVIEWED,TEST,SOCIALCUE-BN-GOLD-V1.0
F047-C,F047,C,Budget er hisab ta dekha dorkar.,UNCLEAR,PROFESSIONAL,REQUEST,TEAM_MEMBER,WORKPLACE_CONTACT,EQUAL,OLDER,MEDIUM,INFORMAL,SETTING,F047-A,APNI,TUMI,APNI|TUMI,ANSWERABLE,HIGH,AGE|FAMILIARITY|SETTING,0.167,MODERATE,NONE,AI_CANDIDATE_REVISED,REVIEWED,TEST,SOCIALCUE-BN-GOLD-V1.0
F048-A,F048,A,Shift poriborton er bishoyta confirm kora jabe?,UNCLEAR,PROFESSIONAL,CONFIRMATION,STAFF_MEMBER,WORKPLACE_CONTACT,EQUAL,SIMILAR,HIGH,INFORMAL,NONE,F048-B|F048-C,TUMI,,TUMI,ANSWERABLE,HIGH,FAMILIARITY|SETTING,0.286,MODERATE,NONE,AI_CANDIDATE_REVISED,REVIEWED,TEST,SOCIALCUE-BN-GOLD-V1.0
F048-B,F048,B,Shift poriborton er bishoyta confirm kora jabe?,UNCLEAR,PROFESSIONAL,CONFIRMATION,STAFF_MEMBER,WORKPLACE_CONTACT,HIGHER,SIMILAR,HIGH,INFORMAL,AUTHORITY,F048-A,APNI,TUMI,APNI|TUMI,ANSWERABLE,HIGH,AUTHORITY|FAMILIARITY|SETTING,0.286,MODERATE,NONE,AI_CANDIDATE_REVISED,REVIEWED,TEST,SOCIALCUE-BN-GOLD-V1.0
F048-C,F048,C,Shift poriborton er bishoyta confirm kora jabe?,UNCLEAR,PROFESSIONAL,CONFIRMATION,STAFF_MEMBER,WORKPLACE_CONTACT,EQUAL,OLDER,HIGH,INFORMAL,AGE,F048-A,TUMI,APNI,TUMI|APNI,ANSWERABLE,HIGH,AGE|FAMILIARITY|SETTING,0.286,MODERATE,NONE,AI_CANDIDATE_REVISED,REVIEWED,TEST,SOCIALCUE-BN-GOLD-V1.0
F049-A,F049,A,Chhutir abedon ta ajke deya jabe?,UNCLEAR,PROFESSIONAL,REQUEST,EMPLOYEE,WORKPLACE_CONTACT,LOWER,YOUNGER,HIGH,INFORMAL,NONE,F049-B|F049-C,TUI,TUMI,TUI|TUMI,ANSWERABLE,HIGH,AUTHORITY|AGE|FAMILIARITY|SETTING,0,NONE,NONE,AI_CANDIDATE_REVISED,REVIEWED,TEST,SOCIALCUE-BN-GOLD-V1.0
F049-B,F049,B,Chhutir abedon ta ajke deya jabe?,UNCLEAR,PROFESSIONAL,REQUEST,EMPLOYEE,WORKPLACE_CONTACT,EQUAL,YOUNGER,HIGH,INFORMAL,AUTHORITY,F049-A,TUMI,TUI,TUMI|TUI,ANSWERABLE,HIGH,AGE|FAMILIARITY|SETTING,0,NONE,NONE,AI_CANDIDATE_REVISED,REVIEWED,TEST,SOCIALCUE-BN-GOLD-V1.0
F049-C,F049,C,Chhutir abedon ta ajke deya jabe?,UNCLEAR,PROFESSIONAL,REQUEST,EMPLOYEE,WORKPLACE_CONTACT,LOWER,YOUNGER,LOW,INFORMAL,FAMILIARITY,F049-A,APNI,TUMI,APNI|TUMI,ANSWERABLE,HIGH,AUTHORITY|AGE|FAMILIARITY|SETTING,0,NONE,NONE,AI_CANDIDATE_REVISED,REVIEWED,TEST,SOCIALCUE-BN-GOLD-V1.0
F050-A,F050,A,Stock er report ta kokhon pawa jabe?,UNCLEAR,PROFESSIONAL,QUESTION,STAFF_MEMBER,WORKPLACE_CONTACT,EQUAL,SIMILAR,MEDIUM,SEMI_FORMAL,NONE,F050-B|F050-C,TUMI,APNI,TUMI|APNI,ANSWERABLE,HIGH,FAMILIARITY|SETTING,0.286,MODERATE,NONE,AI_CANDIDATE_REVISED,REVIEWED,TEST,SOCIALCUE-BN-GOLD-V1.0
F050-B,F050,B,Stock er report ta kokhon pawa jabe?,UNCLEAR,PROFESSIONAL,QUESTION,STAFF_MEMBER,WORKPLACE_CONTACT,HIGHER,SIMILAR,MEDIUM,SEMI_FORMAL,AUTHORITY,F050-A,APNI,TUMI,APNI|TUMI,ANSWERABLE,HIGH,AUTHORITY|SETTING,0.286,MODERATE,NONE,AI_CANDIDATE_REVISED,REVIEWED,TEST,SOCIALCUE-BN-GOLD-V1.0
F050-C,F050,C,Stock er report ta kokhon pawa jabe?,UNCLEAR,PROFESSIONAL,QUESTION,STAFF_MEMBER,WORKPLACE_CONTACT,EQUAL,SIMILAR,MEDIUM,FORMAL,SETTING,F050-A,APNI,TUMI,APNI|TUMI,ANSWERABLE,HIGH,FAMILIARITY|SETTING,0.286,MODERATE,NONE,AI_CANDIDATE_REVISED,REVIEWED,TEST,SOCIALCUE-BN-GOLD-V1.0
F051-A,F051,A,Training er link ta abar pathano jabe?,UNCLEAR,PROFESSIONAL,REQUEST,EMPLOYEE,TRAINING_CONTACT,EQUAL,YOUNGER,HIGH,INFORMAL,NONE,F051-B|F051-C,TUMI,TUI,TUMI|TUI,ANSWERABLE,HIGH,AGE|FAMILIARITY|SETTING,0.286,MODERATE,NONE,AI_CANDIDATE_REVISED,REVIEWED,TEST,SOCIALCUE-BN-GOLD-V1.0
F051-B,F051,B,Training er link ta abar pathano jabe?,UNCLEAR,PROFESSIONAL,REQUEST,EMPLOYEE,TRAINING_CONTACT,EQUAL,OLDER,HIGH,INFORMAL,AGE,F051-A,TUMI,APNI,TUMI|APNI,ANSWERABLE,HIGH,AGE|FAMILIARITY|SETTING,0.286,MODERATE,NONE,AI_CANDIDATE_REVISED,REVIEWED,TEST,SOCIALCUE-BN-GOLD-V1.0
F051-C,F051,C,Training er link ta abar pathano jabe?,UNCLEAR,PROFESSIONAL,REQUEST,EMPLOYEE,TRAINING_CONTACT,EQUAL,YOUNGER,LOW,INFORMAL,FAMILIARITY,F051-A,APNI,TUMI,APNI|TUMI,ANSWERABLE,HIGH,AGE|FAMILIARITY|SETTING,0.286,MODERATE,NONE,AI_CANDIDATE_REVISED,REVIEWED,TEST,SOCIALCUE-BN-GOLD-V1.0
F052-A,F052,A,Order ta nishchit hoyeche ki?,UNCLEAR,PROFESSIONAL,CONFIRMATION,EMPLOYEE,WORKPLACE_CONTACT,EQUAL,SIMILAR,HIGH,INFORMAL,NONE,F052-B|F052-C,TUMI,,TUMI,ANSWERABLE,HIGH,FAMILIARITY|SETTING,0.2,MODERATE,NONE,AI_CANDIDATE_REVISED,REVIEWED,TEST,SOCIALCUE-BN-GOLD-V1.0
F052-B,F052,B,Order ta nishchit hoyeche ki?,UNCLEAR,PROFESSIONAL,CONFIRMATION,EMPLOYEE,WORKPLACE_CONTACT,EQUAL,OLDER,HIGH,INFORMAL,AGE,F052-A,TUMI,APNI,TUMI|APNI,ANSWERABLE,HIGH,AGE|FAMILIARITY|SETTING,0.2,MODERATE,NONE,AI_CANDIDATE_REVISED,REVIEWED,TEST,SOCIALCUE-BN-GOLD-V1.0
F052-C,F052,C,Order ta nishchit hoyeche ki?,UNCLEAR,PROFESSIONAL,CONFIRMATION,EMPLOYEE,WORKPLACE_CONTACT,EQUAL,SIMILAR,HIGH,FORMAL,SETTING,F052-A,APNI,TUMI,APNI|TUMI,ANSWERABLE,HIGH,FAMILIARITY|SETTING,0.2,MODERATE,NONE,AI_CANDIDATE_REVISED,REVIEWED,TEST,SOCIALCUE-BN-GOLD-V1.0
F053-A,F053,A,Payment er obostha ta ektu jana dorkar.,UNCLEAR,PROFESSIONAL,FOLLOW_UP,EMPLOYEE,WORKPLACE_CONTACT,EQUAL,SIMILAR,HIGH,INFORMAL,NONE,F053-B|F053-C,TUMI,,TUMI,ANSWERABLE,HIGH,FAMILIARITY|SETTING,0.143,LIGHT,NONE,AI_CANDIDATE_REVISED,REVIEWED,TEST,SOCIALCUE-BN-GOLD-V1.0
F053-B,F053,B,Payment er obostha ta ektu jana dorkar.,UNCLEAR,PROFESSIONAL,FOLLOW_UP,EMPLOYEE,WORKPLACE_CONTACT,EQUAL,SIMILAR,LOW,INFORMAL,FAMILIARITY,F053-A,APNI,TUMI,APNI|TUMI,ANSWERABLE,HIGH,FAMILIARITY|SETTING,0.143,LIGHT,NONE,AI_CANDIDATE_REVISED,REVIEWED,TEST,SOCIALCUE-BN-GOLD-V1.0
F053-C,F053,C,Payment er obostha ta ektu jana dorkar.,UNCLEAR,PROFESSIONAL,FOLLOW_UP,EMPLOYEE,WORKPLACE_CONTACT,EQUAL,SIMILAR,HIGH,FORMAL,SETTING,F053-A,APNI,TUMI,APNI|TUMI,ANSWERABLE,HIGH,FAMILIARITY|SETTING,0.143,LIGHT,NONE,AI_CANDIDATE_REVISED,REVIEWED,TEST,SOCIALCUE-BN-GOLD-V1.0
F054-A,F054,A,Office er chabi ta kothay rakha ache?,UNCLEAR,PROFESSIONAL,QUESTION,STAFF_MEMBER,STAFF_MEMBER,HIGHER,SIMILAR,MEDIUM,SEMI_FORMAL,NONE,F054-B|F054-C,APNI,TUMI,APNI|TUMI,ANSWERABLE,HIGH,AUTHORITY|SETTING,0.143,LIGHT,NONE,AI_CANDIDATE_REVISED,REVIEWED,TEST,SOCIALCUE-BN-GOLD-V1.0
F054-B,F054,B,Office er chabi ta kothay rakha ache?,UNCLEAR,PROFESSIONAL,QUESTION,STAFF_MEMBER,STAFF_MEMBER,EQUAL,SIMILAR,MEDIUM,SEMI_FORMAL,AUTHORITY,F054-A,TUMI,APNI,TUMI|APNI,ANSWERABLE,HIGH,FAMILIARITY|SETTING,0.143,LIGHT,NONE,AI_CANDIDATE_REVISED,REVIEWED,TEST,SOCIALCUE-BN-GOLD-V1.0
F054-C,F054,C,Office er chabi ta kothay rakha ache?,UNCLEAR,PROFESSIONAL,QUESTION,STAFF_MEMBER,STAFF_MEMBER,HIGHER,SIMILAR,HIGH,SEMI_FORMAL,FAMILIARITY,F054-A,APNI,TUMI,APNI|TUMI,ANSWERABLE,HIGH,AUTHORITY|FAMILIARITY|SETTING,0.143,LIGHT,NONE,AI_CANDIDATE_REVISED,REVIEWED,TEST,SOCIALCUE-BN-GOLD-V1.0
F055-A,F055,A,Kajer priority ta ekbar thik kora jabe?,UNCLEAR,PROFESSIONAL,SUGGESTION,TEAM_MEMBER,TEAM_MEMBER,EQUAL,OLDER,MEDIUM,SEMI_FORMAL,NONE,F055-B|F055-C,APNI,TUMI,APNI|TUMI,ANSWERABLE,HIGH,AGE|FAMILIARITY|SETTING,0.143,LIGHT,NONE,AI_CANDIDATE_REVISED,REVIEWED,TEST,SOCIALCUE-BN-GOLD-V1.0
F055-B,F055,B,Kajer priority ta ekbar thik kora jabe?,UNCLEAR,PROFESSIONAL,SUGGESTION,TEAM_MEMBER,TEAM_MEMBER,EQUAL,SIMILAR,MEDIUM,SEMI_FORMAL,AGE,F055-A,TUMI,APNI,TUMI|APNI,ANSWERABLE,HIGH,FAMILIARITY|SETTING,0.143,LIGHT,NONE,AI_CANDIDATE_REVISED,REVIEWED,TEST,SOCIALCUE-BN-GOLD-V1.0
F055-C,F055,C,Kajer priority ta ekbar thik kora jabe?,UNCLEAR,PROFESSIONAL,SUGGESTION,TEAM_MEMBER,TEAM_MEMBER,EQUAL,OLDER,MEDIUM,INFORMAL,SETTING,F055-A,APNI,TUMI,APNI|TUMI,ANSWERABLE,HIGH,AGE|FAMILIARITY|SETTING,0.143,LIGHT,NONE,AI_CANDIDATE_REVISED,REVIEWED,TEST,SOCIALCUE-BN-GOLD-V1.0
F056-A,F056,A,Deadline ta dui din barano jabe?,UNCLEAR,PROFESSIONAL,REQUEST,EMPLOYEE,WORKPLACE_CONTACT,EQUAL,SIMILAR,HIGH,INFORMAL,NONE,F056-B|F056-C,TUMI,,TUMI,ANSWERABLE,HIGH,FAMILIARITY|SETTING,0.167,MODERATE,NONE,AI_CANDIDATE_REVISED,REVIEWED,TEST,SOCIALCUE-BN-GOLD-V1.0
F056-B,F056,B,Deadline ta dui din barano jabe?,UNCLEAR,PROFESSIONAL,REQUEST,EMPLOYEE,WORKPLACE_CONTACT,HIGHER,SIMILAR,HIGH,INFORMAL,AUTHORITY,F056-A,APNI,TUMI,APNI|TUMI,ANSWERABLE,HIGH,AUTHORITY|FAMILIARITY|SETTING,0.167,MODERATE,NONE,AI_CANDIDATE_REVISED,REVIEWED,TEST,SOCIALCUE-BN-GOLD-V1.0
F056-C,F056,C,Deadline ta dui din barano jabe?,UNCLEAR,PROFESSIONAL,REQUEST,EMPLOYEE,WORKPLACE_CONTACT,EQUAL,OLDER,HIGH,INFORMAL,AGE,F056-A,TUMI,APNI,TUMI|APNI,ANSWERABLE,HIGH,AGE|FAMILIARITY|SETTING,0.167,MODERATE,NONE,AI_CANDIDATE_REVISED,REVIEWED,TEST,SOCIALCUE-BN-GOLD-V1.0
F057-A,F057,A,Machine ta kokhon porikkha kora hobe?,UNCLEAR,PROFESSIONAL,QUESTION,PRODUCTION_STAFF,WORKPLACE_CONTACT,LOWER,YOUNGER,HIGH,INFORMAL,NONE,F057-B|F057-C,TUI,TUMI,TUI|TUMI,ANSWERABLE,HIGH,AUTHORITY|AGE|FAMILIARITY|SETTING,0.167,MODERATE,NONE,AI_CANDIDATE_REVISED,REVIEWED,TEST,SOCIALCUE-BN-GOLD-V1.0
F057-B,F057,B,Machine ta kokhon porikkha kora hobe?,UNCLEAR,PROFESSIONAL,QUESTION,PRODUCTION_STAFF,WORKPLACE_CONTACT,EQUAL,YOUNGER,HIGH,INFORMAL,AUTHORITY,F057-A,TUMI,TUI,TUMI|TUI,ANSWERABLE,HIGH,AGE|FAMILIARITY|SETTING,0.167,MODERATE,NONE,AI_CANDIDATE_REVISED,REVIEWED,TEST,SOCIALCUE-BN-GOLD-V1.0
F057-C,F057,C,Machine ta kokhon porikkha kora hobe?,UNCLEAR,PROFESSIONAL,QUESTION,PRODUCTION_STAFF,WORKPLACE_CONTACT,LOWER,YOUNGER,LOW,INFORMAL,FAMILIARITY,F057-A,APNI,TUMI,APNI|TUMI,ANSWERABLE,HIGH,AUTHORITY|AGE|FAMILIARITY|SETTING,0.167,MODERATE,NONE,AI_CANDIDATE_REVISED,REVIEWED,TEST,SOCIALCUE-BN-GOLD-V1.0
F058-A,F058,A,Man niyontroner report ta ekbar dekha dorkar.,UNCLEAR,PROFESSIONAL,REQUEST,QUALITY_STAFF,WORKPLACE_CONTACT,EQUAL,SIMILAR,MEDIUM,SEMI_FORMAL,NONE,F058-B|F058-C,TUMI,APNI,TUMI|APNI,ANSWERABLE,HIGH,FAMILIARITY|SETTING,0.143,LIGHT,NONE,AI_CANDIDATE_REVISED,REVIEWED,TEST,SOCIALCUE-BN-GOLD-V1.0
F058-B,F058,B,Man niyontroner report ta ekbar dekha dorkar.,UNCLEAR,PROFESSIONAL,REQUEST,QUALITY_STAFF,WORKPLACE_CONTACT,HIGHER,SIMILAR,MEDIUM,SEMI_FORMAL,AUTHORITY,F058-A,APNI,TUMI,APNI|TUMI,ANSWERABLE,HIGH,AUTHORITY|SETTING,0.143,LIGHT,NONE,AI_CANDIDATE_REVISED,REVIEWED,TEST,SOCIALCUE-BN-GOLD-V1.0
F058-C,F058,C,Man niyontroner report ta ekbar dekha dorkar.,UNCLEAR,PROFESSIONAL,REQUEST,QUALITY_STAFF,WORKPLACE_CONTACT,EQUAL,SIMILAR,MEDIUM,FORMAL,SETTING,F058-A,APNI,TUMI,APNI|TUMI,ANSWERABLE,HIGH,FAMILIARITY|SETTING,0.143,LIGHT,NONE,AI_CANDIDATE_REVISED,REVIEWED,TEST,SOCIALCUE-BN-GOLD-V1.0
F059-A,F059,A,Supplier er jogajoger tothyo ta dorkar.,UNCLEAR,PROFESSIONAL,REQUEST,EMPLOYEE,WORKPLACE_CONTACT,EQUAL,YOUNGER,HIGH,INFORMAL,NONE,F059-B|F059-C,TUMI,TUI,TUMI|TUI,ANSWERABLE,HIGH,AGE|FAMILIARITY|SETTING,0.167,MODERATE,NONE,AI_CANDIDATE_REVISED,REVIEWED,TEST,SOCIALCUE-BN-GOLD-V1.0
F059-B,F059,B,Supplier er jogajoger tothyo ta dorkar.,UNCLEAR,PROFESSIONAL,REQUEST,EMPLOYEE,WORKPLACE_CONTACT,EQUAL,OLDER,HIGH,INFORMAL,AGE,F059-A,TUMI,APNI,TUMI|APNI,ANSWERABLE,HIGH,AGE|FAMILIARITY|SETTING,0.167,MODERATE,NONE,AI_CANDIDATE_REVISED,REVIEWED,TEST,SOCIALCUE-BN-GOLD-V1.0
F059-C,F059,C,Supplier er jogajoger tothyo ta dorkar.,UNCLEAR,PROFESSIONAL,REQUEST,EMPLOYEE,WORKPLACE_CONTACT,EQUAL,YOUNGER,LOW,INFORMAL,FAMILIARITY,F059-A,APNI,TUMI,APNI|TUMI,ANSWERABLE,HIGH,AGE|FAMILIARITY|SETTING,0.167,MODERATE,NONE,AI_CANDIDATE_REVISED,REVIEWED,TEST,SOCIALCUE-BN-GOLD-V1.0
F060-A,F060,A,Shipment er kagojgulo ajke pawa jabe?,UNCLEAR,PROFESSIONAL,REQUEST,LOGISTICS_STAFF,WORKPLACE_CONTACT,EQUAL,SIMILAR,HIGH,INFORMAL,NONE,F060-B|F060-C,TUMI,,TUMI,ANSWERABLE,HIGH,FAMILIARITY|SETTING,0.167,MODERATE,NONE,AI_CANDIDATE_REVISED,REVIEWED,TEST,SOCIALCUE-BN-GOLD-V1.0
F060-B,F060,B,Shipment er kagojgulo ajke pawa jabe?,UNCLEAR,PROFESSIONAL,REQUEST,LOGISTICS_STAFF,WORKPLACE_CONTACT,EQUAL,OLDER,HIGH,INFORMAL,AGE,F060-A,TUMI,APNI,TUMI|APNI,ANSWERABLE,HIGH,AGE|FAMILIARITY|SETTING,0.167,MODERATE,NONE,AI_CANDIDATE_REVISED,REVIEWED,TEST,SOCIALCUE-BN-GOLD-V1.0
F060-C,F060,C,Shipment er kagojgulo ajke pawa jabe?,UNCLEAR,PROFESSIONAL,REQUEST,LOGISTICS_STAFF,WORKPLACE_CONTACT,EQUAL,SIMILAR,HIGH,FORMAL,SETTING,F060-A,APNI,TUMI,APNI|TUMI,ANSWERABLE,HIGH,FAMILIARITY|SETTING,0.167,MODERATE,NONE,AI_CANDIDATE_REVISED,REVIEWED,TEST,SOCIALCUE-BN-GOLD-V1.0
F061-A,F061,A,Hajirar sheet ta ekbar pathano jabe?,UNCLEAR,PROFESSIONAL,REQUEST,STAFF_MEMBER,WORKPLACE_CONTACT,EQUAL,SIMILAR,HIGH,INFORMAL,NONE,F061-B|F061-C,TUMI,,TUMI,ANSWERABLE,HIGH,FAMILIARITY|SETTING,0.167,MODERATE,NONE,AI_CANDIDATE_REVISED,REVIEWED,TEST,SOCIALCUE-BN-GOLD-V1.0
F061-B,F061,B,Hajirar sheet ta ekbar pathano jabe?,UNCLEAR,PROFESSIONAL,REQUEST,STAFF_MEMBER,WORKPLACE_CONTACT,EQUAL,SIMILAR,LOW,INFORMAL,FAMILIARITY,F061-A,APNI,TUMI,APNI|TUMI,ANSWERABLE,HIGH,FAMILIARITY|SETTING,0.167,MODERATE,NONE,AI_CANDIDATE_REVISED,REVIEWED,TEST,SOCIALCUE-BN-GOLD-V1.0
F061-C,F061,C,Hajirar sheet ta ekbar pathano jabe?,UNCLEAR,PROFESSIONAL,REQUEST,STAFF_MEMBER,WORKPLACE_CONTACT,EQUAL,SIMILAR,HIGH,FORMAL,SETTING,F061-A,APNI,TUMI,APNI|TUMI,ANSWERABLE,HIGH,FAMILIARITY|SETTING,0.167,MODERATE,NONE,AI_CANDIDATE_REVISED,REVIEWED,TEST,SOCIALCUE-BN-GOLD-V1.0
F062-A,F062,A,Presentation er khosra ta dekha jabe?,UNCLEAR,PROFESSIONAL,REQUEST,TEAM_MEMBER,WORKPLACE_CONTACT,HIGHER,SIMILAR,MEDIUM,SEMI_FORMAL,NONE,F062-B|F062-C,APNI,TUMI,APNI|TUMI,ANSWERABLE,HIGH,AUTHORITY|SETTING,0.167,MODERATE,NONE,AI_CANDIDATE_REVISED,REVIEWED,TEST,SOCIALCUE-BN-GOLD-V1.0
F062-B,F062,B,Presentation er khosra ta dekha jabe?,UNCLEAR,PROFESSIONAL,REQUEST,TEAM_MEMBER,WORKPLACE_CONTACT,EQUAL,SIMILAR,MEDIUM,SEMI_FORMAL,AUTHORITY,F062-A,TUMI,APNI,TUMI|APNI,ANSWERABLE,HIGH,FAMILIARITY|SETTING,0.167,MODERATE,NONE,AI_CANDIDATE_REVISED,REVIEWED,TEST,SOCIALCUE-BN-GOLD-V1.0
F062-C,F062,C,Presentation er khosra ta dekha jabe?,UNCLEAR,PROFESSIONAL,REQUEST,TEAM_MEMBER,WORKPLACE_CONTACT,HIGHER,SIMILAR,HIGH,SEMI_FORMAL,FAMILIARITY,F062-A,APNI,TUMI,APNI|TUMI,ANSWERABLE,HIGH,AUTHORITY|FAMILIARITY|SETTING,0.167,MODERATE,NONE,AI_CANDIDATE_REVISED,REVIEWED,TEST,SOCIALCUE-BN-GOLD-V1.0
F063-A,F063,A,Customer er obhijog ta niye kotha bola dorkar.,UNCLEAR,PROFESSIONAL,FOLLOW_UP,SERVICE_STAFF,WORKPLACE_CONTACT,EQUAL,OLDER,MEDIUM,SEMI_FORMAL,NONE,F063-B|F063-C,APNI,TUMI,APNI|TUMI,ANSWERABLE,HIGH,AGE|FAMILIARITY|SETTING,0.125,LIGHT,NONE,AI_CANDIDATE_REVISED,REVIEWED,TEST,SOCIALCUE-BN-GOLD-V1.0
F063-B,F063,B,Customer er obhijog ta niye kotha bola dorkar.,UNCLEAR,PROFESSIONAL,FOLLOW_UP,SERVICE_STAFF,WORKPLACE_CONTACT,EQUAL,SIMILAR,MEDIUM,SEMI_FORMAL,AGE,F063-A,TUMI,APNI,TUMI|APNI,ANSWERABLE,HIGH,FAMILIARITY|SETTING,0.125,LIGHT,NONE,AI_CANDIDATE_REVISED,REVIEWED,TEST,SOCIALCUE-BN-GOLD-V1.0
F063-C,F063,C,Customer er obhijog ta niye kotha bola dorkar.,UNCLEAR,PROFESSIONAL,FOLLOW_UP,SERVICE_STAFF,WORKPLACE_CONTACT,EQUAL,OLDER,MEDIUM,INFORMAL,SETTING,F063-A,APNI,TUMI,APNI|TUMI,ANSWERABLE,HIGH,AGE|FAMILIARITY|SETTING,0.125,LIGHT,NONE,AI_CANDIDATE_REVISED,REVIEWED,TEST,SOCIALCUE-BN-GOLD-V1.0
F064-A,F064,A,Interview er shomoy ta confirm kora jabe?,UNCLEAR,PROFESSIONAL,CONFIRMATION,APPLICANT,WORKPLACE_CONTACT,EQUAL,SIMILAR,HIGH,INFORMAL,NONE,F064-B|F064-C,TUMI,,TUMI,ANSWERABLE,HIGH,FAMILIARITY|SETTING,0.286,MODERATE,NONE,AI_CANDIDATE_REVISED,REVIEWED,TEST,SOCIALCUE-BN-GOLD-V1.0
F064-B,F064,B,Interview er shomoy ta confirm kora jabe?,UNCLEAR,PROFESSIONAL,CONFIRMATION,APPLICANT,WORKPLACE_CONTACT,HIGHER,SIMILAR,HIGH,INFORMAL,AUTHORITY,F064-A,APNI,TUMI,APNI|TUMI,ANSWERABLE,HIGH,AUTHORITY|FAMILIARITY|SETTING,0.286,MODERATE,NONE,AI_CANDIDATE_REVISED,REVIEWED,TEST,SOCIALCUE-BN-GOLD-V1.0
F064-C,F064,C,Interview er shomoy ta confirm kora jabe?,UNCLEAR,PROFESSIONAL,CONFIRMATION,APPLICANT,WORKPLACE_CONTACT,EQUAL,OLDER,HIGH,INFORMAL,AGE,F064-A,TUMI,APNI,TUMI|APNI,ANSWERABLE,HIGH,AGE|FAMILIARITY|SETTING,0.286,MODERATE,NONE,AI_CANDIDATE_REVISED,REVIEWED,TEST,SOCIALCUE-BN-GOLD-V1.0
F065-A,F065,A,Bazarer talika ta ekbar pathano jabe?,UNCLEAR,FAMILY,REQUEST,FAMILY_MEMBER,FAMILY_MEMBER,LOWER,YOUNGER,HIGH,INFORMAL,NONE,F065-B|F065-C,TUI,TUMI,TUI|TUMI,ANSWERABLE,HIGH,AUTHORITY|AGE|FAMILIARITY|SETTING|KINSHIP,0,NONE,NONE,AI_CANDIDATE_REVISED,REVIEWED,TEST,SOCIALCUE-BN-GOLD-V1.0
F065-B,F065,B,Bazarer talika ta ekbar pathano jabe?,UNCLEAR,FAMILY,REQUEST,FAMILY_MEMBER,FAMILY_MEMBER,EQUAL,YOUNGER,HIGH,INFORMAL,AUTHORITY,F065-A,TUMI,TUI,TUMI|TUI,ANSWERABLE,HIGH,AGE|FAMILIARITY|SETTING|KINSHIP,0,NONE,NONE,AI_CANDIDATE_REVISED,REVIEWED,TEST,SOCIALCUE-BN-GOLD-V1.0
F065-C,F065,C,Bazarer talika ta ekbar pathano jabe?,UNCLEAR,FAMILY,REQUEST,FAMILY_MEMBER,FAMILY_MEMBER,LOWER,YOUNGER,LOW,INFORMAL,FAMILIARITY,F065-A,APNI,TUMI,APNI|TUMI,ANSWERABLE,HIGH,AUTHORITY|AGE|FAMILIARITY|SETTING|KINSHIP,0,NONE,NONE,AI_CANDIDATE_REVISED,REVIEWED,TEST,SOCIALCUE-BN-GOLD-V1.0
F066-A,F066,A,Daktar dekhanor shomoy ta mone ache?,UNCLEAR,FAMILY,QUESTION,FAMILY_MEMBER,FAMILY_MEMBER,EQUAL,SIMILAR,MEDIUM,SEMI_FORMAL,NONE,F066-B|F066-C,TUMI,APNI,TUMI|APNI,ANSWERABLE,HIGH,FAMILIARITY|SETTING|KINSHIP,0,NONE,NONE,AI_CANDIDATE_REVISED,REVIEWED,TEST,SOCIALCUE-BN-GOLD-V1.0
F066-B,F066,B,Daktar dekhanor shomoy ta mone ache?,UNCLEAR,FAMILY,QUESTION,FAMILY_MEMBER,FAMILY_MEMBER,HIGHER,SIMILAR,MEDIUM,SEMI_FORMAL,AUTHORITY,F066-A,APNI,TUMI,APNI|TUMI,ANSWERABLE,HIGH,AUTHORITY|SETTING|KINSHIP,0,NONE,NONE,AI_CANDIDATE_REVISED,REVIEWED,TEST,SOCIALCUE-BN-GOLD-V1.0
F066-C,F066,C,Daktar dekhanor shomoy ta mone ache?,UNCLEAR,FAMILY,QUESTION,FAMILY_MEMBER,FAMILY_MEMBER,EQUAL,SIMILAR,MEDIUM,INFORMAL,SETTING,F066-A,TUMI,,TUMI,ANSWERABLE,HIGH,FAMILIARITY|SETTING|KINSHIP,0,NONE,NONE,AI_CANDIDATE_REVISED,REVIEWED,TEST,SOCIALCUE-BN-GOLD-V1.0
F067-A,F067,A,Mehman koto tay ashbe jana ache?,UNCLEAR,FAMILY,QUESTION,FAMILY_MEMBER,FAMILY_MEMBER,EQUAL,YOUNGER,HIGH,INFORMAL,NONE,F067-B|F067-C,TUMI,TUI,TUMI|TUI,ANSWERABLE,HIGH,AGE|FAMILIARITY|SETTING|KINSHIP,0,NONE,NONE,AI_CANDIDATE_REVISED,REVIEWED,TEST,SOCIALCUE-BN-GOLD-V1.0
F067-B,F067,B,Mehman koto tay ashbe jana ache?,UNCLEAR,FAMILY,QUESTION,FAMILY_MEMBER,FAMILY_MEMBER,EQUAL,OLDER,HIGH,INFORMAL,AGE,F067-A,TUMI,APNI,TUMI|APNI,ANSWERABLE,HIGH,AGE|FAMILIARITY|SETTING|KINSHIP,0,NONE,NONE,AI_CANDIDATE_REVISED,REVIEWED,TEST,SOCIALCUE-BN-GOLD-V1.0
F067-C,F067,C,Mehman koto tay ashbe jana ache?,UNCLEAR,FAMILY,QUESTION,FAMILY_MEMBER,FAMILY_MEMBER,EQUAL,YOUNGER,LOW,INFORMAL,FAMILIARITY,F067-A,APNI,TUMI,APNI|TUMI,ANSWERABLE,HIGH,AGE|FAMILIARITY|SETTING|KINSHIP,0,NONE,NONE,AI_CANDIDATE_REVISED,REVIEWED,TEST,SOCIALCUE-BN-GOLD-V1.0
F068-A,F068,A,Bidyut bil ta ajke deya jabe?,UNCLEAR,FAMILY,REQUEST,FAMILY_MEMBER,FAMILY_MEMBER,EQUAL,SIMILAR,HIGH,INFORMAL,NONE,F068-B|F068-C,TUMI,TUI,TUMI|TUI,ANSWERABLE,HIGH,FAMILIARITY|SETTING|KINSHIP,0,NONE,NONE,AI_CANDIDATE_REVISED,REVIEWED,TEST,SOCIALCUE-BN-GOLD-V1.0
F068-B,F068,B,Bidyut bil ta ajke deya jabe?,UNCLEAR,FAMILY,REQUEST,FAMILY_MEMBER,FAMILY_MEMBER,EQUAL,OLDER,HIGH,INFORMAL,AGE,F068-A,TUMI,APNI,TUMI|APNI,ANSWERABLE,HIGH,AGE|FAMILIARITY|SETTING|KINSHIP,0,NONE,NONE,AI_CANDIDATE_REVISED,REVIEWED,TEST,SOCIALCUE-BN-GOLD-V1.0
F068-C,F068,C,Bidyut bil ta ajke deya jabe?,UNCLEAR,FAMILY,REQUEST,FAMILY_MEMBER,FAMILY_MEMBER,EQUAL,SIMILAR,HIGH,SEMI_FORMAL,SETTING,F068-A,TUMI,APNI,TUMI|APNI,ANSWERABLE,HIGH,FAMILIARITY|SETTING|KINSHIP,0,NONE,NONE,AI_CANDIDATE_REVISED,REVIEWED,TEST,SOCIALCUE-BN-GOLD-V1.0
F069-A,F069,A,School theke bachchake anar shomoy ta jana ache?,UNCLEAR,FAMILY,QUESTION,FAMILY_MEMBER,FAMILY_MEMBER,EQUAL,SIMILAR,HIGH,INFORMAL,NONE,F069-B|F069-C,TUMI,TUI,TUMI|TUI,ANSWERABLE,HIGH,FAMILIARITY|SETTING|KINSHIP,0.125,LIGHT,NONE,AI_CANDIDATE_REVISED,REVIEWED,TEST,SOCIALCUE-BN-GOLD-V1.0
F069-B,F069,B,School theke bachchake anar shomoy ta jana ache?,UNCLEAR,FAMILY,QUESTION,FAMILY_MEMBER,FAMILY_MEMBER,EQUAL,SIMILAR,LOW,INFORMAL,FAMILIARITY,F069-A,APNI,TUMI,APNI|TUMI,ANSWERABLE,HIGH,FAMILIARITY|SETTING|KINSHIP,0.125,LIGHT,NONE,AI_CANDIDATE_REVISED,REVIEWED,TEST,SOCIALCUE-BN-GOLD-V1.0
F069-C,F069,C,School theke bachchake anar shomoy ta jana ache?,UNCLEAR,FAMILY,QUESTION,FAMILY_MEMBER,FAMILY_MEMBER,EQUAL,SIMILAR,HIGH,SEMI_FORMAL,SETTING,F069-A,TUMI,APNI,TUMI|APNI,ANSWERABLE,HIGH,FAMILIARITY|SETTING|KINSHIP,0.125,LIGHT,NONE,AI_CANDIDATE_REVISED,REVIEWED,TEST,SOCIALCUE-BN-GOLD-V1.0
F070-A,F070,A,Rater khabar ta koto tay hobe?,UNCLEAR,FAMILY,QUESTION,FAMILY_MEMBER,FAMILY_MEMBER,HIGHER,SIMILAR,MEDIUM,SEMI_FORMAL,NONE,F070-B|F070-C,APNI,TUMI,APNI|TUMI,ANSWERABLE,HIGH,AUTHORITY|SETTING|KINSHIP,0,NONE,NONE,AI_CANDIDATE_REVISED,REVIEWED,TEST,SOCIALCUE-BN-GOLD-V1.0
F070-B,F070,B,Rater khabar ta koto tay hobe?,UNCLEAR,FAMILY,QUESTION,FAMILY_MEMBER,FAMILY_MEMBER,EQUAL,SIMILAR,MEDIUM,SEMI_FORMAL,AUTHORITY,F070-A,TUMI,APNI,TUMI|APNI,ANSWERABLE,HIGH,FAMILIARITY|SETTING|KINSHIP,0,NONE,NONE,AI_CANDIDATE_REVISED,REVIEWED,TEST,SOCIALCUE-BN-GOLD-V1.0
F070-C,F070,C,Rater khabar ta koto tay hobe?,UNCLEAR,FAMILY,QUESTION,FAMILY_MEMBER,FAMILY_MEMBER,HIGHER,SIMILAR,HIGH,SEMI_FORMAL,FAMILIARITY,F070-A,APNI,TUMI,APNI|TUMI,ANSWERABLE,HIGH,AUTHORITY|FAMILIARITY|SETTING|KINSHIP,0,NONE,NONE,AI_CANDIDATE_REVISED,REVIEWED,TEST,SOCIALCUE-BN-GOLD-V1.0
F071-A,F071,A,Bashar chabi ta kothay rakha ache?,UNCLEAR,FAMILY,QUESTION,FAMILY_MEMBER,FAMILY_MEMBER,EQUAL,OLDER,MEDIUM,SEMI_FORMAL,NONE,F071-B|F071-C,APNI,TUMI,APNI|TUMI,ANSWERABLE,HIGH,AGE|FAMILIARITY|SETTING|KINSHIP,0,NONE,NONE,AI_CANDIDATE_REVISED,REVIEWED,TEST,SOCIALCUE-BN-GOLD-V1.0
F071-B,F071,B,Bashar chabi ta kothay rakha ache?,UNCLEAR,FAMILY,QUESTION,FAMILY_MEMBER,FAMILY_MEMBER,EQUAL,SIMILAR,MEDIUM,SEMI_FORMAL,AGE,F071-A,TUMI,APNI,TUMI|APNI,ANSWERABLE,HIGH,FAMILIARITY|SETTING|KINSHIP,0,NONE,NONE,AI_CANDIDATE_REVISED,REVIEWED,TEST,SOCIALCUE-BN-GOLD-V1.0
F071-C,F071,C,Bashar chabi ta kothay rakha ache?,UNCLEAR,FAMILY,QUESTION,FAMILY_MEMBER,FAMILY_MEMBER,EQUAL,OLDER,MEDIUM,INFORMAL,SETTING,F071-A,APNI,TUMI,APNI|TUMI,ANSWERABLE,HIGH,AGE|FAMILIARITY|SETTING|KINSHIP,0,NONE,NONE,AI_CANDIDATE_REVISED,REVIEWED,TEST,SOCIALCUE-BN-GOLD-V1.0
F072-A,F072,A,Paribarer onushthan ta shukrobar rakha jabe?,UNCLEAR,FAMILY,SUGGESTION,FAMILY_MEMBER,FAMILY_MEMBER,EQUAL,SIMILAR,HIGH,INFORMAL,NONE,F072-B|F072-C,TUMI,TUI,TUMI|TUI,ANSWERABLE,HIGH,FAMILIARITY|SETTING|KINSHIP,0,NONE,NONE,AI_CANDIDATE_REVISED,REVIEWED,TEST,SOCIALCUE-BN-GOLD-V1.0
F072-B,F072,B,Paribarer onushthan ta shukrobar rakha jabe?,UNCLEAR,FAMILY,SUGGESTION,FAMILY_MEMBER,FAMILY_MEMBER,HIGHER,SIMILAR,HIGH,INFORMAL,AUTHORITY,F072-A,APNI,TUMI,APNI|TUMI,ANSWERABLE,HIGH,AUTHORITY|FAMILIARITY|SETTING|KINSHIP,0,NONE,NONE,AI_CANDIDATE_REVISED,REVIEWED,TEST,SOCIALCUE-BN-GOLD-V1.0
F072-C,F072,C,Paribarer onushthan ta shukrobar rakha jabe?,UNCLEAR,FAMILY,SUGGESTION,FAMILY_MEMBER,FAMILY_MEMBER,EQUAL,OLDER,HIGH,INFORMAL,AGE,F072-A,TUMI,APNI,TUMI|APNI,ANSWERABLE,HIGH,AGE|FAMILIARITY|SETTING|KINSHIP,0,NONE,NONE,AI_CANDIDATE_REVISED,REVIEWED,TEST,SOCIALCUE-BN-GOLD-V1.0
F073-A,F073,A,Train er ticket ta kata hoyeche ki?,UNCLEAR,FAMILY,CONFIRMATION,FAMILY_MEMBER,FAMILY_MEMBER,LOWER,YOUNGER,HIGH,INFORMAL,NONE,F073-B|F073-C,TUI,TUMI,TUI|TUMI,ANSWERABLE,HIGH,AUTHORITY|AGE|FAMILIARITY|SETTING|KINSHIP,0.286,MODERATE,NONE,AI_CANDIDATE_REVISED,REVIEWED,TEST,SOCIALCUE-BN-GOLD-V1.0
F073-B,F073,B,Train er ticket ta kata hoyeche ki?,UNCLEAR,FAMILY,CONFIRMATION,FAMILY_MEMBER,FAMILY_MEMBER,EQUAL,YOUNGER,HIGH,INFORMAL,AUTHORITY,F073-A,TUMI,TUI,TUMI|TUI,ANSWERABLE,HIGH,AGE|FAMILIARITY|SETTING|KINSHIP,0.286,MODERATE,NONE,AI_CANDIDATE_REVISED,REVIEWED,TEST,SOCIALCUE-BN-GOLD-V1.0
F073-C,F073,C,Train er ticket ta kata hoyeche ki?,UNCLEAR,FAMILY,CONFIRMATION,FAMILY_MEMBER,FAMILY_MEMBER,LOWER,YOUNGER,LOW,INFORMAL,FAMILIARITY,F073-A,APNI,TUMI,APNI|TUMI,ANSWERABLE,HIGH,AUTHORITY|AGE|FAMILIARITY|SETTING|KINSHIP,0.286,MODERATE,NONE,AI_CANDIDATE_REVISED,REVIEWED,TEST,SOCIALCUE-BN-GOLD-V1.0
F074-A,F074,A,Bank e jawar kaj ta ajke kora jabe?,UNCLEAR,FAMILY,REQUEST,FAMILY_MEMBER,FAMILY_MEMBER,EQUAL,SIMILAR,MEDIUM,SEMI_FORMAL,NONE,F074-B|F074-C,TUMI,APNI,TUMI|APNI,ANSWERABLE,HIGH,FAMILIARITY|SETTING|KINSHIP,0.125,LIGHT,NONE,AI_CANDIDATE_REVISED,REVIEWED,TEST,SOCIALCUE-BN-GOLD-V1.0
F074-B,F074,B,Bank e jawar kaj ta ajke kora jabe?,UNCLEAR,FAMILY,REQUEST,FAMILY_MEMBER,FAMILY_MEMBER,HIGHER,SIMILAR,MEDIUM,SEMI_FORMAL,AUTHORITY,F074-A,APNI,TUMI,APNI|TUMI,ANSWERABLE,HIGH,AUTHORITY|SETTING|KINSHIP,0.125,LIGHT,NONE,AI_CANDIDATE_REVISED,REVIEWED,TEST,SOCIALCUE-BN-GOLD-V1.0
F074-C,F074,C,Bank e jawar kaj ta ajke kora jabe?,UNCLEAR,FAMILY,REQUEST,FAMILY_MEMBER,FAMILY_MEMBER,EQUAL,SIMILAR,MEDIUM,INFORMAL,SETTING,F074-A,TUMI,,TUMI,ANSWERABLE,HIGH,FAMILIARITY|SETTING|KINSHIP,0.125,LIGHT,NONE,AI_CANDIDATE_REVISED,REVIEWED,TEST,SOCIALCUE-BN-GOLD-V1.0
F075-A,F075,A,Oshudh ta ferar shomoy niye asha jabe?,UNCLEAR,FAMILY,REQUEST,FAMILY_MEMBER,FAMILY_MEMBER,EQUAL,YOUNGER,HIGH,INFORMAL,NONE,F075-B|F075-C,TUMI,TUI,TUMI|TUI,ANSWERABLE,HIGH,AGE|FAMILIARITY|SETTING|KINSHIP,0,NONE,NONE,AI_CANDIDATE_REVISED,REVIEWED,TEST,SOCIALCUE-BN-GOLD-V1.0
F075-B,F075,B,Oshudh ta ferar shomoy niye asha jabe?,UNCLEAR,FAMILY,REQUEST,FAMILY_MEMBER,FAMILY_MEMBER,EQUAL,OLDER,HIGH,INFORMAL,AGE,F075-A,TUMI,APNI,TUMI|APNI,ANSWERABLE,HIGH,AGE|FAMILIARITY|SETTING|KINSHIP,0,NONE,NONE,AI_CANDIDATE_REVISED,REVIEWED,TEST,SOCIALCUE-BN-GOLD-V1.0
F075-C,F075,C,Oshudh ta ferar shomoy niye asha jabe?,UNCLEAR,FAMILY,REQUEST,FAMILY_MEMBER,FAMILY_MEMBER,EQUAL,YOUNGER,LOW,INFORMAL,FAMILIARITY,F075-A,APNI,TUMI,APNI|TUMI,ANSWERABLE,HIGH,AGE|FAMILIARITY|SETTING|KINSHIP,0,NONE,NONE,AI_CANDIDATE_REVISED,REVIEWED,TEST,SOCIALCUE-BN-GOLD-V1.0
F076-A,F076,A,Parcel ta dupure grohon kora jabe?,UNCLEAR,FAMILY,REQUEST,FAMILY_MEMBER,FAMILY_MEMBER,EQUAL,SIMILAR,HIGH,INFORMAL,NONE,F076-B|F076-C,TUMI,TUI,TUMI|TUI,ANSWERABLE,HIGH,FAMILIARITY|SETTING|KINSHIP,0.167,MODERATE,NONE,AI_CANDIDATE_REVISED,REVIEWED,TEST,SOCIALCUE-BN-GOLD-V1.0
F076-B,F076,B,Parcel ta dupure grohon kora jabe?,UNCLEAR,FAMILY,REQUEST,FAMILY_MEMBER,FAMILY_MEMBER,EQUAL,OLDER,HIGH,INFORMAL,AGE,F076-A,TUMI,APNI,TUMI|APNI,ANSWERABLE,HIGH,AGE|FAMILIARITY|SETTING|KINSHIP,0.167,MODERATE,NONE,AI_CANDIDATE_REVISED,REVIEWED,TEST,SOCIALCUE-BN-GOLD-V1.0
F076-C,F076,C,Parcel ta dupure grohon kora jabe?,UNCLEAR,FAMILY,REQUEST,FAMILY_MEMBER,FAMILY_MEMBER,EQUAL,SIMILAR,HIGH,SEMI_FORMAL,SETTING,F076-A,TUMI,APNI,TUMI|APNI,ANSWERABLE,HIGH,FAMILIARITY|SETTING|KINSHIP,0.167,MODERATE,NONE,AI_CANDIDATE_REVISED,REVIEWED,TEST,SOCIALCUE-BN-GOLD-V1.0
F077-A,F077,A,Ghor ta ajke porishkar kora dorkar.,UNCLEAR,FAMILY,REMINDER,FAMILY_MEMBER,FAMILY_MEMBER,EQUAL,SIMILAR,HIGH,INFORMAL,NONE,F077-B|F077-C,TUMI,TUI,TUMI|TUI,ANSWERABLE,HIGH,FAMILIARITY|SETTING|KINSHIP,0,NONE,NONE,AI_CANDIDATE_REVISED,REVIEWED,TEST,SOCIALCUE-BN-GOLD-V1.0
F077-B,F077,B,Ghor ta ajke porishkar kora dorkar.,UNCLEAR,FAMILY,REMINDER,FAMILY_MEMBER,FAMILY_MEMBER,EQUAL,SIMILAR,LOW,INFORMAL,FAMILIARITY,F077-A,APNI,TUMI,APNI|TUMI,ANSWERABLE,HIGH,FAMILIARITY|SETTING|KINSHIP,0,NONE,NONE,AI_CANDIDATE_REVISED,REVIEWED,TEST,SOCIALCUE-BN-GOLD-V1.0
F077-C,F077,C,Ghor ta ajke porishkar kora dorkar.,UNCLEAR,FAMILY,REMINDER,FAMILY_MEMBER,FAMILY_MEMBER,EQUAL,SIMILAR,HIGH,SEMI_FORMAL,SETTING,F077-A,TUMI,APNI,TUMI|APNI,ANSWERABLE,HIGH,FAMILIARITY|SETTING|KINSHIP,0,NONE,NONE,AI_CANDIDATE_REVISED,REVIEWED,TEST,SOCIALCUE-BN-GOLD-V1.0
F078-A,F078,A,Phone e taka bhora hoyeche ki?,UNCLEAR,FAMILY,CONFIRMATION,FAMILY_MEMBER,FAMILY_MEMBER,HIGHER,SIMILAR,MEDIUM,SEMI_FORMAL,NONE,F078-B|F078-C,APNI,TUMI,APNI|TUMI,ANSWERABLE,HIGH,AUTHORITY|SETTING|KINSHIP,0.167,MODERATE,NONE,AI_CANDIDATE_REVISED,REVIEWED,TEST,SOCIALCUE-BN-GOLD-V1.0
F078-B,F078,B,Phone e taka bhora hoyeche ki?,UNCLEAR,FAMILY,CONFIRMATION,FAMILY_MEMBER,FAMILY_MEMBER,EQUAL,SIMILAR,MEDIUM,SEMI_FORMAL,AUTHORITY,F078-A,TUMI,APNI,TUMI|APNI,ANSWERABLE,HIGH,FAMILIARITY|SETTING|KINSHIP,0.167,MODERATE,NONE,AI_CANDIDATE_REVISED,REVIEWED,TEST,SOCIALCUE-BN-GOLD-V1.0
F078-C,F078,C,Phone e taka bhora hoyeche ki?,UNCLEAR,FAMILY,CONFIRMATION,FAMILY_MEMBER,FAMILY_MEMBER,HIGHER,SIMILAR,HIGH,SEMI_FORMAL,FAMILIARITY,F078-A,APNI,TUMI,APNI|TUMI,ANSWERABLE,HIGH,AUTHORITY|FAMILIARITY|SETTING|KINSHIP,0.167,MODERATE,NONE,AI_CANDIDATE_REVISED,REVIEWED,TEST,SOCIALCUE-BN-GOLD-V1.0
F079-A,F079,A,Chhader leak ta kokhon thik kora hobe?,UNCLEAR,FAMILY,QUESTION,FAMILY_MEMBER,FAMILY_MEMBER,EQUAL,OLDER,MEDIUM,SEMI_FORMAL,NONE,F079-B|F079-C,APNI,TUMI,APNI|TUMI,ANSWERABLE,HIGH,AGE|FAMILIARITY|SETTING|KINSHIP,0.143,LIGHT,NONE,AI_CANDIDATE_REVISED,REVIEWED,TEST,SOCIALCUE-BN-GOLD-V1.0
F079-B,F079,B,Chhader leak ta kokhon thik kora hobe?,UNCLEAR,FAMILY,QUESTION,FAMILY_MEMBER,FAMILY_MEMBER,EQUAL,SIMILAR,MEDIUM,SEMI_FORMAL,AGE,F079-A,TUMI,APNI,TUMI|APNI,ANSWERABLE,HIGH,FAMILIARITY|SETTING|KINSHIP,0.143,LIGHT,NONE,AI_CANDIDATE_REVISED,REVIEWED,TEST,SOCIALCUE-BN-GOLD-V1.0
F079-C,F079,C,Chhader leak ta kokhon thik kora hobe?,UNCLEAR,FAMILY,QUESTION,FAMILY_MEMBER,FAMILY_MEMBER,EQUAL,OLDER,MEDIUM,INFORMAL,SETTING,F079-A,APNI,TUMI,APNI|TUMI,ANSWERABLE,HIGH,AGE|FAMILIARITY|SETTING|KINSHIP,0.143,LIGHT,NONE,AI_CANDIDATE_REVISED,REVIEWED,TEST,SOCIALCUE-BN-GOLD-V1.0
F080-A,F080,A,Atmiyer number ta ekbar pathano jabe?,UNCLEAR,FAMILY,REQUEST,FAMILY_MEMBER,FAMILY_MEMBER,EQUAL,SIMILAR,HIGH,INFORMAL,NONE,F080-B|F080-C,TUMI,TUI,TUMI|TUI,ANSWERABLE,HIGH,FAMILIARITY|SETTING|KINSHIP,0.167,MODERATE,NONE,AI_CANDIDATE_REVISED,REVIEWED,TEST,SOCIALCUE-BN-GOLD-V1.0
F080-B,F080,B,Atmiyer number ta ekbar pathano jabe?,UNCLEAR,FAMILY,REQUEST,FAMILY_MEMBER,FAMILY_MEMBER,HIGHER,SIMILAR,HIGH,INFORMAL,AUTHORITY,F080-A,APNI,TUMI,APNI|TUMI,ANSWERABLE,HIGH,AUTHORITY|FAMILIARITY|SETTING|KINSHIP,0.167,MODERATE,NONE,AI_CANDIDATE_REVISED,REVIEWED,TEST,SOCIALCUE-BN-GOLD-V1.0
F080-C,F080,C,Atmiyer number ta ekbar pathano jabe?,UNCLEAR,FAMILY,REQUEST,FAMILY_MEMBER,FAMILY_MEMBER,EQUAL,OLDER,HIGH,INFORMAL,AGE,F080-A,TUMI,APNI,TUMI|APNI,ANSWERABLE,HIGH,AGE|FAMILIARITY|SETTING|KINSHIP,0.167,MODERATE,NONE,AI_CANDIDATE_REVISED,REVIEWED,TEST,SOCIALCUE-BN-GOLD-V1.0
F081-A,F081,A,Shokaler nasta ta age toiri kora jabe?,UNCLEAR,FAMILY,REQUEST,FAMILY_MEMBER,FAMILY_MEMBER,LOWER,YOUNGER,HIGH,INFORMAL,NONE,F081-B|F081-C,TUI,TUMI,TUI|TUMI,ANSWERABLE,HIGH,AUTHORITY|AGE|FAMILIARITY|SETTING|KINSHIP,0,NONE,NONE,AI_CANDIDATE_REVISED,REVIEWED,TEST,SOCIALCUE-BN-GOLD-V1.0
F081-B,F081,B,Shokaler nasta ta age toiri kora jabe?,UNCLEAR,FAMILY,REQUEST,FAMILY_MEMBER,FAMILY_MEMBER,EQUAL,YOUNGER,HIGH,INFORMAL,AUTHORITY,F081-A,TUMI,TUI,TUMI|TUI,ANSWERABLE,HIGH,AGE|FAMILIARITY|SETTING|KINSHIP,0,NONE,NONE,AI_CANDIDATE_REVISED,REVIEWED,TEST,SOCIALCUE-BN-GOLD-V1.0
F081-C,F081,C,Shokaler nasta ta age toiri kora jabe?,UNCLEAR,FAMILY,REQUEST,FAMILY_MEMBER,FAMILY_MEMBER,LOWER,YOUNGER,LOW,INFORMAL,FAMILIARITY,F081-A,APNI,TUMI,APNI|TUMI,ANSWERABLE,HIGH,AUTHORITY|AGE|FAMILIARITY|SETTING|KINSHIP,0,NONE,NONE,AI_CANDIDATE_REVISED,REVIEWED,TEST,SOCIALCUE-BN-GOLD-V1.0
F082-A,F082,A,Jama kapor gulo ferar pothe ana jabe?,UNCLEAR,FAMILY,REQUEST,FAMILY_MEMBER,FAMILY_MEMBER,EQUAL,SIMILAR,MEDIUM,SEMI_FORMAL,NONE,F082-B|F082-C,TUMI,APNI,TUMI|APNI,ANSWERABLE,HIGH,FAMILIARITY|SETTING|KINSHIP,0,NONE,NONE,AI_CANDIDATE_REVISED,REVIEWED,TEST,SOCIALCUE-BN-GOLD-V1.0
F082-B,F082,B,Jama kapor gulo ferar pothe ana jabe?,UNCLEAR,FAMILY,REQUEST,FAMILY_MEMBER,FAMILY_MEMBER,HIGHER,SIMILAR,MEDIUM,SEMI_FORMAL,AUTHORITY,F082-A,APNI,TUMI,APNI|TUMI,ANSWERABLE,HIGH,AUTHORITY|SETTING|KINSHIP,0,NONE,NONE,AI_CANDIDATE_REVISED,REVIEWED,TEST,SOCIALCUE-BN-GOLD-V1.0
F082-C,F082,C,Jama kapor gulo ferar pothe ana jabe?,UNCLEAR,FAMILY,REQUEST,FAMILY_MEMBER,FAMILY_MEMBER,EQUAL,SIMILAR,MEDIUM,INFORMAL,SETTING,F082-A,TUMI,,TUMI,ANSWERABLE,HIGH,FAMILIARITY|SETTING|KINSHIP,0,NONE,NONE,AI_CANDIDATE_REVISED,REVIEWED,TEST,SOCIALCUE-BN-GOLD-V1.0
F083-A,F083,A,Gachhgulo te ajke pani deya hoyeche?,UNCLEAR,FAMILY,CONFIRMATION,FAMILY_MEMBER,FAMILY_MEMBER,EQUAL,YOUNGER,HIGH,INFORMAL,NONE,F083-B|F083-C,TUMI,TUI,TUMI|TUI,ANSWERABLE,HIGH,AGE|FAMILIARITY|SETTING|KINSHIP,0,NONE,NONE,AI_CANDIDATE_REVISED,REVIEWED,TEST,SOCIALCUE-BN-GOLD-V1.0
F083-B,F083,B,Gachhgulo te ajke pani deya hoyeche?,UNCLEAR,FAMILY,CONFIRMATION,FAMILY_MEMBER,FAMILY_MEMBER,EQUAL,OLDER,HIGH,INFORMAL,AGE,F083-A,TUMI,APNI,TUMI|APNI,ANSWERABLE,HIGH,AGE|FAMILIARITY|SETTING|KINSHIP,0,NONE,NONE,AI_CANDIDATE_REVISED,REVIEWED,TEST,SOCIALCUE-BN-GOLD-V1.0
F083-C,F083,C,Gachhgulo te ajke pani deya hoyeche?,UNCLEAR,FAMILY,CONFIRMATION,FAMILY_MEMBER,FAMILY_MEMBER,EQUAL,YOUNGER,LOW,INFORMAL,FAMILIARITY,F083-A,APNI,TUMI,APNI|TUMI,ANSWERABLE,HIGH,AGE|FAMILIARITY|SETTING|KINSHIP,0,NONE,NONE,AI_CANDIDATE_REVISED,REVIEWED,TEST,SOCIALCUE-BN-GOLD-V1.0
F084-A,F084,A,Chhutir vromon ta niye kotha bola jabe?,UNCLEAR,FAMILY,SUGGESTION,FAMILY_MEMBER,FAMILY_MEMBER,EQUAL,SIMILAR,HIGH,INFORMAL,NONE,F084-B|F084-C,TUMI,TUI,TUMI|TUI,ANSWERABLE,HIGH,FAMILIARITY|SETTING|KINSHIP,0,NONE,NONE,AI_CANDIDATE_REVISED,REVIEWED,TEST,SOCIALCUE-BN-GOLD-V1.0
F084-B,F084,B,Chhutir vromon ta niye kotha bola jabe?,UNCLEAR,FAMILY,SUGGESTION,FAMILY_MEMBER,FAMILY_MEMBER,EQUAL,OLDER,HIGH,INFORMAL,AGE,F084-A,TUMI,APNI,TUMI|APNI,ANSWERABLE,HIGH,AGE|FAMILIARITY|SETTING|KINSHIP,0,NONE,NONE,AI_CANDIDATE_REVISED,REVIEWED,TEST,SOCIALCUE-BN-GOLD-V1.0
F084-C,F084,C,Chhutir vromon ta niye kotha bola jabe?,UNCLEAR,FAMILY,SUGGESTION,FAMILY_MEMBER,FAMILY_MEMBER,EQUAL,SIMILAR,HIGH,SEMI_FORMAL,SETTING,F084-A,TUMI,APNI,TUMI|APNI,ANSWERABLE,HIGH,FAMILIARITY|SETTING|KINSHIP,0,NONE,NONE,AI_CANDIDATE_REVISED,REVIEWED,TEST,SOCIALCUE-BN-GOLD-V1.0
F085-A,F085,A,Bachchar barir kaj ta ekbar dekha jabe?,UNCLEAR,FAMILY,REQUEST,FAMILY_MEMBER,FAMILY_MEMBER,EQUAL,SIMILAR,HIGH,INFORMAL,NONE,F085-B|F085-C,TUMI,TUI,TUMI|TUI,ANSWERABLE,HIGH,FAMILIARITY|SETTING|KINSHIP,0,NONE,NONE,AI_CANDIDATE_REVISED,REVIEWED,TEST,SOCIALCUE-BN-GOLD-V1.0
F085-B,F085,B,Bachchar barir kaj ta ekbar dekha jabe?,UNCLEAR,FAMILY,REQUEST,FAMILY_MEMBER,FAMILY_MEMBER,EQUAL,SIMILAR,LOW,INFORMAL,FAMILIARITY,F085-A,APNI,TUMI,APNI|TUMI,ANSWERABLE,HIGH,FAMILIARITY|SETTING|KINSHIP,0,NONE,NONE,AI_CANDIDATE_REVISED,REVIEWED,TEST,SOCIALCUE-BN-GOLD-V1.0
F085-C,F085,C,Bachchar barir kaj ta ekbar dekha jabe?,UNCLEAR,FAMILY,REQUEST,FAMILY_MEMBER,FAMILY_MEMBER,EQUAL,SIMILAR,HIGH,SEMI_FORMAL,SETTING,F085-A,TUMI,APNI,TUMI|APNI,ANSWERABLE,HIGH,FAMILIARITY|SETTING|KINSHIP,0,NONE,NONE,AI_CANDIDATE_REVISED,REVIEWED,TEST,SOCIALCUE-BN-GOLD-V1.0
F086-A,F086,A,Hospital er report ta niye jawa dorkar.,UNCLEAR,FAMILY,REMINDER,FAMILY_MEMBER,FAMILY_MEMBER,HIGHER,SIMILAR,MEDIUM,SEMI_FORMAL,NONE,F086-B|F086-C,APNI,TUMI,APNI|TUMI,ANSWERABLE,HIGH,AUTHORITY|SETTING|KINSHIP,0.286,MODERATE,NONE,AI_CANDIDATE_REVISED,REVIEWED,TEST,SOCIALCUE-BN-GOLD-V1.0
F086-B,F086,B,Hospital er report ta niye jawa dorkar.,UNCLEAR,FAMILY,REMINDER,FAMILY_MEMBER,FAMILY_MEMBER,EQUAL,SIMILAR,MEDIUM,SEMI_FORMAL,AUTHORITY,F086-A,TUMI,APNI,TUMI|APNI,ANSWERABLE,HIGH,FAMILIARITY|SETTING|KINSHIP,0.286,MODERATE,NONE,AI_CANDIDATE_REVISED,REVIEWED,TEST,SOCIALCUE-BN-GOLD-V1.0
F086-C,F086,C,Hospital er report ta niye jawa dorkar.,UNCLEAR,FAMILY,REMINDER,FAMILY_MEMBER,FAMILY_MEMBER,HIGHER,SIMILAR,HIGH,SEMI_FORMAL,FAMILIARITY,F086-A,APNI,TUMI,APNI|TUMI,ANSWERABLE,HIGH,AUTHORITY|FAMILIARITY|SETTING|KINSHIP,0.286,MODERATE,NONE,AI_CANDIDATE_REVISED,REVIEWED,TEST,SOCIALCUE-BN-GOLD-V1.0
F087-A,F087,A,Bikale cha khete dekha kora jabe?,UNCLEAR,FRIENDSHIP,INVITATION,FRIEND,FRIEND,EQUAL,OLDER,MEDIUM,SEMI_FORMAL,NONE,F087-B|F087-C,APNI,TUMI,APNI|TUMI,ANSWERABLE,HIGH,AGE|FAMILIARITY|SETTING,0,NONE,NONE,AI_CANDIDATE_REVISED,REVIEWED,TEST,SOCIALCUE-BN-GOLD-V1.0
F087-B,F087,B,Bikale cha khete dekha kora jabe?,UNCLEAR,FRIENDSHIP,INVITATION,FRIEND,FRIEND,EQUAL,SIMILAR,MEDIUM,SEMI_FORMAL,AGE,F087-A,TUMI,APNI,TUMI|APNI,ANSWERABLE,HIGH,FAMILIARITY|SETTING,0,NONE,NONE,AI_CANDIDATE_REVISED,REVIEWED,TEST,SOCIALCUE-BN-GOLD-V1.0
F087-C,F087,C,Bikale cha khete dekha kora jabe?,UNCLEAR,FRIENDSHIP,INVITATION,FRIEND,FRIEND,EQUAL,OLDER,MEDIUM,INFORMAL,SETTING,F087-A,APNI,TUMI,APNI|TUMI,ANSWERABLE,HIGH,AGE|FAMILIARITY|SETTING,0,NONE,NONE,AI_CANDIDATE_REVISED,REVIEWED,TEST,SOCIALCUE-BN-GOLD-V1.0
F088-A,F088,A,Notun cinema ta shonibar dekha jabe?,UNCLEAR,FRIENDSHIP,INVITATION,FRIEND,FRIEND,EQUAL,SIMILAR,HIGH,INFORMAL,NONE,F088-B|F088-C,TUMI,TUI,TUMI|TUI,ANSWERABLE,HIGH,FAMILIARITY|SETTING,0.167,MODERATE,NONE,AI_CANDIDATE_REVISED,REVIEWED,TEST,SOCIALCUE-BN-GOLD-V1.0
F088-B,F088,B,Notun cinema ta shonibar dekha jabe?,UNCLEAR,FRIENDSHIP,INVITATION,FRIEND,FRIEND,HIGHER,SIMILAR,HIGH,INFORMAL,AUTHORITY,F088-A,APNI,TUMI,APNI|TUMI,ANSWERABLE,HIGH,AUTHORITY|FAMILIARITY|SETTING,0.167,MODERATE,NONE,AI_CANDIDATE_REVISED,REVIEWED,TEST,SOCIALCUE-BN-GOLD-V1.0
F088-C,F088,C,Notun cinema ta shonibar dekha jabe?,UNCLEAR,FRIENDSHIP,INVITATION,FRIEND,FRIEND,EQUAL,OLDER,HIGH,INFORMAL,AGE,F088-A,TUMI,APNI,TUMI|APNI,ANSWERABLE,HIGH,AGE|FAMILIARITY|SETTING,0.167,MODERATE,NONE,AI_CANDIDATE_REVISED,REVIEWED,TEST,SOCIALCUE-BN-GOLD-V1.0
F089-A,F089,A,Boi ta kichhu diner jonno neya jabe?,UNCLEAR,FRIENDSHIP,REQUEST,FRIEND,FRIEND,LOWER,YOUNGER,HIGH,INFORMAL,NONE,F089-B|F089-C,TUI,TUMI,TUI|TUMI,ANSWERABLE,HIGH,AUTHORITY|AGE|FAMILIARITY|SETTING,0,NONE,NONE,AI_CANDIDATE_REVISED,REVIEWED,TEST,SOCIALCUE-BN-GOLD-V1.0
F089-B,F089,B,Boi ta kichhu diner jonno neya jabe?,UNCLEAR,FRIENDSHIP,REQUEST,FRIEND,FRIEND,EQUAL,YOUNGER,HIGH,INFORMAL,AUTHORITY,F089-A,TUMI,TUI,TUMI|TUI,ANSWERABLE,HIGH,AGE|FAMILIARITY|SETTING,0,NONE,NONE,AI_CANDIDATE_REVISED,REVIEWED,TEST,SOCIALCUE-BN-GOLD-V1.0
F089-C,F089,C,Boi ta kichhu diner jonno neya jabe?,UNCLEAR,FRIENDSHIP,REQUEST,FRIEND,FRIEND,LOWER,YOUNGER,LOW,INFORMAL,FAMILIARITY,F089-A,APNI,TUMI,APNI|TUMI,ANSWERABLE,HIGH,AUTHORITY|AGE|FAMILIARITY|SETTING,0,NONE,NONE,AI_CANDIDATE_REVISED,REVIEWED,TEST,SOCIALCUE-BN-GOLD-V1.0
F090-A,F090,A,Class er lekha ta ekbar pathano jabe?,UNCLEAR,FRIENDSHIP,REQUEST,UNIVERSITY_PEER,UNIVERSITY_PEER,EQUAL,SIMILAR,MEDIUM,SEMI_FORMAL,NONE,F090-B|F090-C,TUMI,APNI,TUMI|APNI,ANSWERABLE,HIGH,FAMILIARITY|SETTING,0.143,LIGHT,NONE,AI_CANDIDATE_REVISED,REVIEWED,TEST,SOCIALCUE-BN-GOLD-V1.0
F090-B,F090,B,Class er lekha ta ekbar pathano jabe?,UNCLEAR,FRIENDSHIP,REQUEST,UNIVERSITY_PEER,UNIVERSITY_PEER,HIGHER,SIMILAR,MEDIUM,SEMI_FORMAL,AUTHORITY,F090-A,APNI,TUMI,APNI|TUMI,ANSWERABLE,HIGH,AUTHORITY|SETTING,0.143,LIGHT,NONE,AI_CANDIDATE_REVISED,REVIEWED,TEST,SOCIALCUE-BN-GOLD-V1.0
F090-C,F090,C,Class er lekha ta ekbar pathano jabe?,UNCLEAR,FRIENDSHIP,REQUEST,UNIVERSITY_PEER,UNIVERSITY_PEER,EQUAL,SIMILAR,MEDIUM,FORMAL,SETTING,F090-A,APNI,TUMI,APNI|TUMI,ANSWERABLE,HIGH,FAMILIARITY|SETTING,0.143,LIGHT,NONE,AI_CANDIDATE_REVISED,REVIEWED,TEST,SOCIALCUE-BN-GOLD-V1.0
F091-A,F091,A,Jonmodiner porikolpona ta ajke kora jabe?,UNCLEAR,FRIENDSHIP,SUGGESTION,FRIEND,FRIEND,EQUAL,YOUNGER,HIGH,INFORMAL,NONE,F091-B|F091-C,TUMI,TUI,TUMI|TUI,ANSWERABLE,HIGH,AGE|FAMILIARITY|SETTING,0,NONE,NONE,AI_CANDIDATE_REVISED,REVIEWED,TEST,SOCIALCUE-BN-GOLD-V1.0
F091-B,F091,B,Jonmodiner porikolpona ta ajke kora jabe?,UNCLEAR,FRIENDSHIP,SUGGESTION,FRIEND,FRIEND,EQUAL,OLDER,HIGH,INFORMAL,AGE,F091-A,TUMI,APNI,TUMI|APNI,ANSWERABLE,HIGH,AGE|FAMILIARITY|SETTING,0,NONE,NONE,AI_CANDIDATE_REVISED,REVIEWED,TEST,SOCIALCUE-BN-GOLD-V1.0
F091-C,F091,C,Jonmodiner porikolpona ta ajke kora jabe?,UNCLEAR,FRIENDSHIP,SUGGESTION,FRIEND,FRIEND,EQUAL,YOUNGER,LOW,INFORMAL,FAMILIARITY,F091-A,APNI,TUMI,APNI|TUMI,ANSWERABLE,HIGH,AGE|FAMILIARITY|SETTING,0,NONE,NONE,AI_CANDIDATE_REVISED,REVIEWED,TEST,SOCIALCUE-BN-GOLD-V1.0
F092-A,F092,A,Chhutir dine kothao ghurte jawa jabe?,UNCLEAR,FRIENDSHIP,INVITATION,FRIEND,FRIEND,EQUAL,SIMILAR,HIGH,INFORMAL,NONE,F092-B|F092-C,TUMI,TUI,TUMI|TUI,ANSWERABLE,HIGH,FAMILIARITY|SETTING,0,NONE,NONE,AI_CANDIDATE_REVISED,REVIEWED,TEST,SOCIALCUE-BN-GOLD-V1.0
F092-B,F092,B,Chhutir dine kothao ghurte jawa jabe?,UNCLEAR,FRIENDSHIP,INVITATION,FRIEND,FRIEND,EQUAL,OLDER,HIGH,INFORMAL,AGE,F092-A,TUMI,APNI,TUMI|APNI,ANSWERABLE,HIGH,AGE|FAMILIARITY|SETTING,0,NONE,NONE,AI_CANDIDATE_REVISED,REVIEWED,TEST,SOCIALCUE-BN-GOLD-V1.0
F092-C,F092,C,Chhutir dine kothao ghurte jawa jabe?,UNCLEAR,FRIENDSHIP,INVITATION,FRIEND,FRIEND,EQUAL,SIMILAR,HIGH,FORMAL,SETTING,F092-A,APNI,TUMI,APNI|TUMI,ANSWERABLE,HIGH,FAMILIARITY|SETTING,0,NONE,NONE,AI_CANDIDATE_REVISED,REVIEWED,TEST,SOCIALCUE-BN-GOLD-V1.0
F093-A,F093,A,Khelar shomoy ta ekbar confirm kora jabe?,UNCLEAR,FRIENDSHIP,CONFIRMATION,FRIEND,FRIEND,EQUAL,SIMILAR,HIGH,INFORMAL,NONE,F093-B|F093-C,TUMI,TUI,TUMI|TUI,ANSWERABLE,HIGH,FAMILIARITY|SETTING,0.143,LIGHT,NONE,AI_CANDIDATE_REVISED,REVIEWED,TEST,SOCIALCUE-BN-GOLD-V1.0
F093-B,F093,B,Khelar shomoy ta ekbar confirm kora jabe?,UNCLEAR,FRIENDSHIP,CONFIRMATION,FRIEND,FRIEND,EQUAL,SIMILAR,LOW,INFORMAL,FAMILIARITY,F093-A,APNI,TUMI,APNI|TUMI,ANSWERABLE,HIGH,FAMILIARITY|SETTING,0.143,LIGHT,NONE,AI_CANDIDATE_REVISED,REVIEWED,TEST,SOCIALCUE-BN-GOLD-V1.0
F093-C,F093,C,Khelar shomoy ta ekbar confirm kora jabe?,UNCLEAR,FRIENDSHIP,CONFIRMATION,FRIEND,FRIEND,EQUAL,SIMILAR,HIGH,FORMAL,SETTING,F093-A,APNI,TUMI,APNI|TUMI,ANSWERABLE,HIGH,FAMILIARITY|SETTING,0.143,LIGHT,NONE,AI_CANDIDATE_REVISED,REVIEWED,TEST,SOCIALCUE-BN-GOLD-V1.0
F094-A,F094,A,Chhobi gulo ekshathe pathano jabe?,UNCLEAR,FRIENDSHIP,REQUEST,FRIEND,FRIEND,HIGHER,SIMILAR,MEDIUM,SEMI_FORMAL,NONE,F094-B|F094-C,APNI,TUMI,APNI|TUMI,ANSWERABLE,HIGH,AUTHORITY|SETTING,0,NONE,NONE,AI_CANDIDATE_REVISED,REVIEWED,TEST,SOCIALCUE-BN-GOLD-V1.0
F094-B,F094,B,Chhobi gulo ekshathe pathano jabe?,UNCLEAR,FRIENDSHIP,REQUEST,FRIEND,FRIEND,EQUAL,SIMILAR,MEDIUM,SEMI_FORMAL,AUTHORITY,F094-A,TUMI,APNI,TUMI|APNI,ANSWERABLE,HIGH,FAMILIARITY|SETTING,0,NONE,NONE,AI_CANDIDATE_REVISED,REVIEWED,TEST,SOCIALCUE-BN-GOLD-V1.0
F094-C,F094,C,Chhobi gulo ekshathe pathano jabe?,UNCLEAR,FRIENDSHIP,REQUEST,FRIEND,FRIEND,HIGHER,SIMILAR,HIGH,SEMI_FORMAL,FAMILIARITY,F094-A,APNI,TUMI,APNI|TUMI,ANSWERABLE,HIGH,AUTHORITY|FAMILIARITY|SETTING,0,NONE,NONE,AI_CANDIDATE_REVISED,REVIEWED,TEST,SOCIALCUE-BN-GOLD-V1.0
F095-A,F095,A,Dekha korar location ta share kora jabe?,UNCLEAR,FRIENDSHIP,REQUEST,FRIEND,FRIEND,EQUAL,OLDER,MEDIUM,SEMI_FORMAL,NONE,F095-B|F095-C,APNI,TUMI,APNI|TUMI,ANSWERABLE,HIGH,AGE|FAMILIARITY|SETTING,0.286,MODERATE,NONE,AI_CANDIDATE_REVISED,REVIEWED,TEST,SOCIALCUE-BN-GOLD-V1.0
F095-B,F095,B,Dekha korar location ta share kora jabe?,UNCLEAR,FRIENDSHIP,REQUEST,FRIEND,FRIEND,EQUAL,SIMILAR,MEDIUM,SEMI_FORMAL,AGE,F095-A,TUMI,APNI,TUMI|APNI,ANSWERABLE,HIGH,FAMILIARITY|SETTING,0.286,MODERATE,NONE,AI_CANDIDATE_REVISED,REVIEWED,TEST,SOCIALCUE-BN-GOLD-V1.0
F095-C,F095,C,Dekha korar location ta share kora jabe?,UNCLEAR,FRIENDSHIP,REQUEST,FRIEND,FRIEND,EQUAL,OLDER,MEDIUM,INFORMAL,SETTING,F095-A,APNI,TUMI,APNI|TUMI,ANSWERABLE,HIGH,AGE|FAMILIARITY|SETTING,0.286,MODERATE,NONE,AI_CANDIDATE_REVISED,REVIEWED,TEST,SOCIALCUE-BN-GOLD-V1.0
F096-A,F096,A,Rate ekbar phone e kotha bola jabe?,UNCLEAR,FRIENDSHIP,INVITATION,FRIEND,FRIEND,EQUAL,SIMILAR,HIGH,INFORMAL,NONE,F096-B|F096-C,TUMI,TUI,TUMI|TUI,ANSWERABLE,HIGH,FAMILIARITY|SETTING,0.143,LIGHT,NONE,AI_CANDIDATE_REVISED,REVIEWED,TEST,SOCIALCUE-BN-GOLD-V1.0
F096-B,F096,B,Rate ekbar phone e kotha bola jabe?,UNCLEAR,FRIENDSHIP,INVITATION,FRIEND,FRIEND,HIGHER,SIMILAR,HIGH,INFORMAL,AUTHORITY,F096-A,APNI,TUMI,APNI|TUMI,ANSWERABLE,HIGH,AUTHORITY|FAMILIARITY|SETTING,0.143,LIGHT,NONE,AI_CANDIDATE_REVISED,REVIEWED,TEST,SOCIALCUE-BN-GOLD-V1.0
F096-C,F096,C,Rate ekbar phone e kotha bola jabe?,UNCLEAR,FRIENDSHIP,INVITATION,FRIEND,FRIEND,EQUAL,OLDER,HIGH,INFORMAL,AGE,F096-A,TUMI,APNI,TUMI|APNI,ANSWERABLE,HIGH,AGE|FAMILIARITY|SETTING,0.143,LIGHT,NONE,AI_CANDIDATE_REVISED,REVIEWED,TEST,SOCIALCUE-BN-GOLD-V1.0
F097-A,F097,A,Ekta kaj e ektu shahajjo kora jabe?,UNCLEAR,FRIENDSHIP,REQUEST,FRIEND,FRIEND,LOWER,YOUNGER,HIGH,INFORMAL,NONE,F097-B|F097-C,TUI,TUMI,TUI|TUMI,ANSWERABLE,HIGH,AUTHORITY|AGE|FAMILIARITY|SETTING,0,NONE,NONE,AI_CANDIDATE_REVISED,REVIEWED,TEST,SOCIALCUE-BN-GOLD-V1.0
F097-B,F097,B,Ekta kaj e ektu shahajjo kora jabe?,UNCLEAR,FRIENDSHIP,REQUEST,FRIEND,FRIEND,EQUAL,YOUNGER,HIGH,INFORMAL,AUTHORITY,F097-A,TUMI,TUI,TUMI|TUI,ANSWERABLE,HIGH,AGE|FAMILIARITY|SETTING,0,NONE,NONE,AI_CANDIDATE_REVISED,REVIEWED,TEST,SOCIALCUE-BN-GOLD-V1.0
F097-C,F097,C,Ekta kaj e ektu shahajjo kora jabe?,UNCLEAR,FRIENDSHIP,REQUEST,FRIEND,FRIEND,LOWER,YOUNGER,LOW,INFORMAL,FAMILIARITY,F097-A,APNI,TUMI,APNI|TUMI,ANSWERABLE,HIGH,AUTHORITY|AGE|FAMILIARITY|SETTING,0,NONE,NONE,AI_CANDIDATE_REVISED,REVIEWED,TEST,SOCIALCUE-BN-GOLD-V1.0
F098-A,F098,A,Shobai mile kal ber howa jabe?,UNCLEAR,FRIENDSHIP,INVITATION,FRIEND,FRIEND,EQUAL,SIMILAR,MEDIUM,SEMI_FORMAL,NONE,F098-B|F098-C,TUMI,APNI,TUMI|APNI,ANSWERABLE,HIGH,FAMILIARITY|SETTING,0,NONE,NONE,AI_CANDIDATE_REVISED,REVIEWED,TEST,SOCIALCUE-BN-GOLD-V1.0
F098-B,F098,B,Shobai mile kal ber howa jabe?,UNCLEAR,FRIENDSHIP,INVITATION,FRIEND,FRIEND,HIGHER,SIMILAR,MEDIUM,SEMI_FORMAL,AUTHORITY,F098-A,APNI,TUMI,APNI|TUMI,ANSWERABLE,HIGH,AUTHORITY|SETTING,0,NONE,NONE,AI_CANDIDATE_REVISED,REVIEWED,TEST,SOCIALCUE-BN-GOLD-V1.0
F098-C,F098,C,Shobai mile kal ber howa jabe?,UNCLEAR,FRIENDSHIP,INVITATION,FRIEND,FRIEND,EQUAL,SIMILAR,MEDIUM,FORMAL,SETTING,F098-A,APNI,TUMI,APNI|TUMI,ANSWERABLE,HIGH,FAMILIARITY|SETTING,0,NONE,NONE,AI_CANDIDATE_REVISED,REVIEWED,TEST,SOCIALCUE-BN-GOLD-V1.0
F099-A,F099,A,Game ta rate ekshathe khela jabe?,UNCLEAR,FRIENDSHIP,INVITATION,FRIEND,FRIEND,EQUAL,YOUNGER,HIGH,INFORMAL,NONE,F099-B|F099-C,TUMI,TUI,TUMI|TUI,ANSWERABLE,HIGH,AGE|FAMILIARITY|SETTING,0.167,MODERATE,NONE,AI_CANDIDATE_REVISED,REVIEWED,TEST,SOCIALCUE-BN-GOLD-V1.0
F099-B,F099,B,Game ta rate ekshathe khela jabe?,UNCLEAR,FRIENDSHIP,INVITATION,FRIEND,FRIEND,EQUAL,OLDER,HIGH,INFORMAL,AGE,F099-A,TUMI,APNI,TUMI|APNI,ANSWERABLE,HIGH,AGE|FAMILIARITY|SETTING,0.167,MODERATE,NONE,AI_CANDIDATE_REVISED,REVIEWED,TEST,SOCIALCUE-BN-GOLD-V1.0
F099-C,F099,C,Game ta rate ekshathe khela jabe?,UNCLEAR,FRIENDSHIP,INVITATION,FRIEND,FRIEND,EQUAL,YOUNGER,LOW,INFORMAL,FAMILIARITY,F099-A,APNI,TUMI,APNI|TUMI,ANSWERABLE,HIGH,AGE|FAMILIARITY|SETTING,0.167,MODERATE,NONE,AI_CANDIDATE_REVISED,REVIEWED,TEST,SOCIALCUE-BN-GOLD-V1.0
F100-A,F100,A,Concert er ticket ta pawa geche ki?,UNCLEAR,FRIENDSHIP,QUESTION,FRIEND,FRIEND,EQUAL,SIMILAR,HIGH,INFORMAL,NONE,F100-B|F100-C,TUMI,TUI,TUMI|TUI,ANSWERABLE,HIGH,FAMILIARITY|SETTING,0.286,MODERATE,NONE,AI_CANDIDATE_REVISED,REVIEWED,TEST,SOCIALCUE-BN-GOLD-V1.0
F100-B,F100,B,Concert er ticket ta pawa geche ki?,UNCLEAR,FRIENDSHIP,QUESTION,FRIEND,FRIEND,EQUAL,OLDER,HIGH,INFORMAL,AGE,F100-A,TUMI,APNI,TUMI|APNI,ANSWERABLE,HIGH,AGE|FAMILIARITY|SETTING,0.286,MODERATE,NONE,AI_CANDIDATE_REVISED,REVIEWED,TEST,SOCIALCUE-BN-GOLD-V1.0
F100-C,F100,C,Concert er ticket ta pawa geche ki?,UNCLEAR,FRIENDSHIP,QUESTION,FRIEND,FRIEND,EQUAL,SIMILAR,HIGH,FORMAL,SETTING,F100-A,APNI,TUMI,APNI|TUMI,ANSWERABLE,HIGH,FAMILIARITY|SETTING,0.286,MODERATE,NONE,AI_CANDIDATE_REVISED,REVIEWED,TEST,SOCIALCUE-BN-GOLD-V1.0
F101-A,F101,A,Notun restaurant e jawa jabe?,UNCLEAR,FRIENDSHIP,INVITATION,FRIEND,FRIEND,EQUAL,SIMILAR,HIGH,INFORMAL,NONE,F101-B|F101-C,TUMI,TUI,TUMI|TUI,ANSWERABLE,HIGH,FAMILIARITY|SETTING,0.2,MODERATE,NONE,AI_CANDIDATE_REVISED,REVIEWED,TEST,SOCIALCUE-BN-GOLD-V1.0
F101-B,F101,B,Notun restaurant e jawa jabe?,UNCLEAR,FRIENDSHIP,INVITATION,FRIEND,FRIEND,EQUAL,SIMILAR,LOW,INFORMAL,FAMILIARITY,F101-A,APNI,TUMI,APNI|TUMI,ANSWERABLE,HIGH,FAMILIARITY|SETTING,0.2,MODERATE,NONE,AI_CANDIDATE_REVISED,REVIEWED,TEST,SOCIALCUE-BN-GOLD-V1.0
F101-C,F101,C,Notun restaurant e jawa jabe?,UNCLEAR,FRIENDSHIP,INVITATION,FRIEND,FRIEND,EQUAL,SIMILAR,HIGH,FORMAL,SETTING,F101-A,APNI,TUMI,APNI|TUMI,ANSWERABLE,HIGH,FAMILIARITY|SETTING,0.2,MODERATE,NONE,AI_CANDIDATE_REVISED,REVIEWED,TEST,SOCIALCUE-BN-GOLD-V1.0
F102-A,F102,A,Chhata ta kal ferot deya jabe?,UNCLEAR,FRIENDSHIP,REQUEST,FRIEND,FRIEND,HIGHER,SIMILAR,MEDIUM,SEMI_FORMAL,NONE,F102-B|F102-C,APNI,TUMI,APNI|TUMI,ANSWERABLE,HIGH,AUTHORITY|SETTING,0,NONE,NONE,AI_CANDIDATE_REVISED,REVIEWED,TEST,SOCIALCUE-BN-GOLD-V1.0
F102-B,F102,B,Chhata ta kal ferot deya jabe?,UNCLEAR,FRIENDSHIP,REQUEST,FRIEND,FRIEND,EQUAL,SIMILAR,MEDIUM,SEMI_FORMAL,AUTHORITY,F102-A,TUMI,APNI,TUMI|APNI,ANSWERABLE,HIGH,FAMILIARITY|SETTING,0,NONE,NONE,AI_CANDIDATE_REVISED,REVIEWED,TEST,SOCIALCUE-BN-GOLD-V1.0
F102-C,F102,C,Chhata ta kal ferot deya jabe?,UNCLEAR,FRIENDSHIP,REQUEST,FRIEND,FRIEND,HIGHER,SIMILAR,HIGH,SEMI_FORMAL,FAMILIARITY,F102-A,APNI,TUMI,APNI|TUMI,ANSWERABLE,HIGH,AUTHORITY|FAMILIARITY|SETTING,0,NONE,NONE,AI_CANDIDATE_REVISED,REVIEWED,TEST,SOCIALCUE-BN-GOLD-V1.0
F103-A,F103,A,Bag ta kichhu khoner jonno rakha jabe?,UNCLEAR,FRIENDSHIP,REQUEST,FRIEND,FRIEND,EQUAL,OLDER,MEDIUM,SEMI_FORMAL,NONE,F103-B|F103-C,APNI,TUMI,APNI|TUMI,ANSWERABLE,HIGH,AGE|FAMILIARITY|SETTING,0,NONE,NONE,AI_CANDIDATE_REVISED,REVIEWED,TEST,SOCIALCUE-BN-GOLD-V1.0
F103-B,F103,B,Bag ta kichhu khoner jonno rakha jabe?,UNCLEAR,FRIENDSHIP,REQUEST,FRIEND,FRIEND,EQUAL,SIMILAR,MEDIUM,SEMI_FORMAL,AGE,F103-A,TUMI,APNI,TUMI|APNI,ANSWERABLE,HIGH,FAMILIARITY|SETTING,0,NONE,NONE,AI_CANDIDATE_REVISED,REVIEWED,TEST,SOCIALCUE-BN-GOLD-V1.0
F103-C,F103,C,Bag ta kichhu khoner jonno rakha jabe?,UNCLEAR,FRIENDSHIP,REQUEST,FRIEND,FRIEND,EQUAL,OLDER,MEDIUM,INFORMAL,SETTING,F103-A,APNI,TUMI,APNI|TUMI,ANSWERABLE,HIGH,AGE|FAMILIARITY|SETTING,0,NONE,NONE,AI_CANDIDATE_REVISED,REVIEWED,TEST,SOCIALCUE-BN-GOLD-V1.0
F104-A,F104,A,Shokale cycle chalate ber howa jabe?,UNCLEAR,FRIENDSHIP,INVITATION,FRIEND,FRIEND,EQUAL,SIMILAR,HIGH,INFORMAL,NONE,F104-B|F104-C,TUMI,TUI,TUMI|TUI,ANSWERABLE,HIGH,FAMILIARITY|SETTING,0.167,MODERATE,NONE,AI_CANDIDATE_REVISED,REVIEWED,TEST,SOCIALCUE-BN-GOLD-V1.0
F104-B,F104,B,Shokale cycle chalate ber howa jabe?,UNCLEAR,FRIENDSHIP,INVITATION,FRIEND,FRIEND,HIGHER,SIMILAR,HIGH,INFORMAL,AUTHORITY,F104-A,APNI,TUMI,APNI|TUMI,ANSWERABLE,HIGH,AUTHORITY|FAMILIARITY|SETTING,0.167,MODERATE,NONE,AI_CANDIDATE_REVISED,REVIEWED,TEST,SOCIALCUE-BN-GOLD-V1.0
F104-C,F104,C,Shokale cycle chalate ber howa jabe?,UNCLEAR,FRIENDSHIP,INVITATION,FRIEND,FRIEND,EQUAL,OLDER,HIGH,INFORMAL,AGE,F104-A,TUMI,APNI,TUMI|APNI,ANSWERABLE,HIGH,AGE|FAMILIARITY|SETTING,0.167,MODERATE,NONE,AI_CANDIDATE_REVISED,REVIEWED,TEST,SOCIALCUE-BN-GOLD-V1.0
F105-A,F105,A,Porashona niye ekshathe bosha jabe?,UNCLEAR,FRIENDSHIP,INVITATION,FRIEND,FRIEND,LOWER,YOUNGER,HIGH,INFORMAL,NONE,F105-B|F105-C,TUI,TUMI,TUI|TUMI,ANSWERABLE,HIGH,AUTHORITY|AGE|FAMILIARITY|SETTING,0,NONE,NONE,AI_CANDIDATE_REVISED,REVIEWED,TEST,SOCIALCUE-BN-GOLD-V1.0
F105-B,F105,B,Porashona niye ekshathe bosha jabe?,UNCLEAR,FRIENDSHIP,INVITATION,FRIEND,FRIEND,EQUAL,YOUNGER,HIGH,INFORMAL,AUTHORITY,F105-A,TUI,TUMI,TUI|TUMI,ANSWERABLE,HIGH,AGE|FAMILIARITY|SETTING,0,NONE,NONE,AI_CANDIDATE_REVISED,REVIEWED,TEST,SOCIALCUE-BN-GOLD-V1.0
F105-C,F105,C,Porashona niye ekshathe bosha jabe?,UNCLEAR,FRIENDSHIP,INVITATION,FRIEND,FRIEND,LOWER,YOUNGER,LOW,INFORMAL,FAMILIARITY,F105-A,APNI,TUMI,APNI|TUMI,ANSWERABLE,HIGH,AUTHORITY|AGE|FAMILIARITY|SETTING,0,NONE,NONE,AI_CANDIDATE_REVISED,REVIEWED,TEST,SOCIALCUE-BN-GOLD-V1.0
F106-A,F106,A,Event er shomoy ta mone ache?,UNCLEAR,FRIENDSHIP,QUESTION,FRIEND,FRIEND,EQUAL,SIMILAR,MEDIUM,SEMI_FORMAL,NONE,F106-B|F106-C,TUMI,APNI,TUMI|APNI,ANSWERABLE,HIGH,FAMILIARITY|SETTING,0.167,MODERATE,NONE,AI_CANDIDATE_REVISED,REVIEWED,TEST,SOCIALCUE-BN-GOLD-V1.0
F106-B,F106,B,Event er shomoy ta mone ache?,UNCLEAR,FRIENDSHIP,QUESTION,FRIEND,FRIEND,HIGHER,SIMILAR,MEDIUM,SEMI_FORMAL,AUTHORITY,F106-A,APNI,TUMI,APNI|TUMI,ANSWERABLE,HIGH,AUTHORITY|SETTING,0.167,MODERATE,NONE,AI_CANDIDATE_REVISED,REVIEWED,TEST,SOCIALCUE-BN-GOLD-V1.0
F106-C,F106,C,Event er shomoy ta mone ache?,UNCLEAR,FRIENDSHIP,QUESTION,FRIEND,FRIEND,EQUAL,SIMILAR,MEDIUM,FORMAL,SETTING,F106-A,APNI,TUMI,APNI|TUMI,ANSWERABLE,HIGH,FAMILIARITY|SETTING,0.167,MODERATE,NONE,AI_CANDIDATE_REVISED,REVIEWED,TEST,SOCIALCUE-BN-GOLD-V1.0
F107-A,F107,A,Gaan ta abar pathano jabe?,UNCLEAR,FRIENDSHIP,REQUEST,FRIEND,FRIEND,EQUAL,YOUNGER,HIGH,INFORMAL,NONE,F107-B|F107-C,TUMI,TUI,TUMI|TUI,ANSWERABLE,HIGH,AGE|FAMILIARITY|SETTING,0,NONE,NONE,AI_CANDIDATE_REVISED,REVIEWED,TEST,SOCIALCUE-BN-GOLD-V1.0
F107-B,F107,B,Gaan ta abar pathano jabe?,UNCLEAR,FRIENDSHIP,REQUEST,FRIEND,FRIEND,EQUAL,OLDER,HIGH,INFORMAL,AGE,F107-A,TUMI,APNI,TUMI|APNI,ANSWERABLE,HIGH,AGE|FAMILIARITY|SETTING,0,NONE,NONE,AI_CANDIDATE_REVISED,REVIEWED,TEST,SOCIALCUE-BN-GOLD-V1.0
F107-C,F107,C,Gaan ta abar pathano jabe?,UNCLEAR,FRIENDSHIP,REQUEST,FRIEND,FRIEND,EQUAL,YOUNGER,LOW,INFORMAL,FAMILIARITY,F107-A,APNI,TUMI,APNI|TUMI,ANSWERABLE,HIGH,AGE|FAMILIARITY|SETTING,0,NONE,NONE,AI_CANDIDATE_REVISED,REVIEWED,TEST,SOCIALCUE-BN-GOLD-V1.0
F108-A,F108,A,Laptop ta ekdin er jonno neya jabe?,UNCLEAR,FRIENDSHIP,REQUEST,FRIEND,FRIEND,EQUAL,SIMILAR,HIGH,INFORMAL,NONE,F108-B|F108-C,TUMI,TUI,TUMI|TUI,ANSWERABLE,HIGH,FAMILIARITY|SETTING,0.143,LIGHT,NONE,AI_CANDIDATE_REVISED,REVIEWED,TEST,SOCIALCUE-BN-GOLD-V1.0
F108-B,F108,B,Laptop ta ekdin er jonno neya jabe?,UNCLEAR,FRIENDSHIP,REQUEST,FRIEND,FRIEND,EQUAL,OLDER,HIGH,INFORMAL,AGE,F108-A,TUMI,APNI,TUMI|APNI,ANSWERABLE,HIGH,AGE|FAMILIARITY|SETTING,0.143,LIGHT,NONE,AI_CANDIDATE_REVISED,REVIEWED,TEST,SOCIALCUE-BN-GOLD-V1.0
F108-C,F108,C,Laptop ta ekdin er jonno neya jabe?,UNCLEAR,FRIENDSHIP,REQUEST,FRIEND,FRIEND,EQUAL,SIMILAR,HIGH,FORMAL,SETTING,F108-A,APNI,TUMI,APNI|TUMI,ANSWERABLE,HIGH,FAMILIARITY|SETTING,0.143,LIGHT,NONE,AI_CANDIDATE_REVISED,REVIEWED,TEST,SOCIALCUE-BN-GOLD-V1.0
F109-A,F109,A,Agamikal ekshathe dupurer khabar khawa jabe?,UNCLEAR,FRIENDSHIP,INVITATION,FRIEND,FRIEND,EQUAL,SIMILAR,HIGH,INFORMAL,NONE,F109-B|F109-C,TUMI,TUI,TUMI|TUI,ANSWERABLE,HIGH,FAMILIARITY|SETTING,0,NONE,NONE,AI_CANDIDATE_REVISED,REVIEWED,TEST,SOCIALCUE-BN-GOLD-V1.0
F109-B,F109,B,Agamikal ekshathe dupurer khabar khawa jabe?,UNCLEAR,FRIENDSHIP,INVITATION,FRIEND,FRIEND,EQUAL,SIMILAR,LOW,INFORMAL,FAMILIARITY,F109-A,APNI,TUMI,APNI|TUMI,ANSWERABLE,HIGH,FAMILIARITY|SETTING,0,NONE,NONE,AI_CANDIDATE_REVISED,REVIEWED,TEST,SOCIALCUE-BN-GOLD-V1.0
F109-C,F109,C,Agamikal ekshathe dupurer khabar khawa jabe?,UNCLEAR,FRIENDSHIP,INVITATION,FRIEND,FRIEND,EQUAL,SIMILAR,HIGH,FORMAL,SETTING,F109-A,APNI,TUMI,APNI|TUMI,ANSWERABLE,HIGH,FAMILIARITY|SETTING,0,NONE,NONE,AI_CANDIDATE_REVISED,REVIEWED,TEST,SOCIALCUE-BN-GOLD-V1.0
F110-A,F110,A,Ei rastar shesh mathay bazar ta ache?,UNCLEAR,SERVICE_PUBLIC,QUESTION,PUBLIC_USER,PUBLIC_CONTACT,HIGHER,SIMILAR,MEDIUM,SEMI_FORMAL,NONE,F110-B|F110-C,APNI,TUMI,APNI|TUMI,ANSWERABLE,HIGH,AUTHORITY|SETTING,0,NONE,NONE,AI_CANDIDATE_REVISED,REVIEWED,TEST,SOCIALCUE-BN-GOLD-V1.0
F110-B,F110,B,Ei rastar shesh mathay bazar ta ache?,UNCLEAR,SERVICE_PUBLIC,QUESTION,PUBLIC_USER,PUBLIC_CONTACT,EQUAL,SIMILAR,MEDIUM,SEMI_FORMAL,AUTHORITY,F110-A,TUMI,APNI,TUMI|APNI,ANSWERABLE,HIGH,FAMILIARITY|SETTING,0,NONE,NONE,AI_CANDIDATE_REVISED,REVIEWED,TEST,SOCIALCUE-BN-GOLD-V1.0
F110-C,F110,C,Ei rastar shesh mathay bazar ta ache?,UNCLEAR,SERVICE_PUBLIC,QUESTION,PUBLIC_USER,PUBLIC_CONTACT,HIGHER,SIMILAR,HIGH,SEMI_FORMAL,FAMILIARITY,F110-A,APNI,TUMI,APNI|TUMI,ANSWERABLE,HIGH,AUTHORITY|FAMILIARITY|SETTING,0,NONE,NONE,AI_CANDIDATE_REVISED,REVIEWED,TEST,SOCIALCUE-BN-GOLD-V1.0
F111-A,F111,A,Ei jinish tar dam ta jana jabe?,UNCLEAR,SERVICE_PUBLIC,QUESTION,CUSTOMER,SHOP_CONTACT,EQUAL,OLDER,MEDIUM,SEMI_FORMAL,NONE,F111-B|F111-C,APNI,TUMI,APNI|TUMI,ANSWERABLE,HIGH,AGE|FAMILIARITY|SETTING,0,NONE,NONE,AI_CANDIDATE_REVISED,REVIEWED,TEST,SOCIALCUE-BN-GOLD-V1.0
F111-B,F111,B,Ei jinish tar dam ta jana jabe?,UNCLEAR,SERVICE_PUBLIC,QUESTION,CUSTOMER,SHOP_CONTACT,EQUAL,SIMILAR,MEDIUM,SEMI_FORMAL,AGE,F111-A,TUMI,APNI,TUMI|APNI,ANSWERABLE,HIGH,FAMILIARITY|SETTING,0,NONE,NONE,AI_CANDIDATE_REVISED,REVIEWED,TEST,SOCIALCUE-BN-GOLD-V1.0
F111-C,F111,C,Ei jinish tar dam ta jana jabe?,UNCLEAR,SERVICE_PUBLIC,QUESTION,CUSTOMER,SHOP_CONTACT,EQUAL,OLDER,MEDIUM,INFORMAL,SETTING,F111-A,APNI,TUMI,APNI|TUMI,ANSWERABLE,HIGH,AGE|FAMILIARITY|SETTING,0,NONE,NONE,AI_CANDIDATE_REVISED,REVIEWED,TEST,SOCIALCUE-BN-GOLD-V1.0
F112-A,F112,A,Shesh bus ta koto tay chhare?,UNCLEAR,SERVICE_PUBLIC,QUESTION,PASSENGER,TRANSPORT_CONTACT,EQUAL,SIMILAR,HIGH,INFORMAL,NONE,F112-B|F112-C,TUMI,,TUMI,ANSWERABLE,HIGH,FAMILIARITY|SETTING,0.167,MODERATE,NONE,AI_CANDIDATE_REVISED,REVIEWED,TEST,SOCIALCUE-BN-GOLD-V1.0
F112-B,F112,B,Shesh bus ta koto tay chhare?,UNCLEAR,SERVICE_PUBLIC,QUESTION,PASSENGER,TRANSPORT_CONTACT,HIGHER,SIMILAR,HIGH,INFORMAL,AUTHORITY,F112-A,APNI,TUMI,APNI|TUMI,ANSWERABLE,HIGH,AUTHORITY|FAMILIARITY|SETTING,0.167,MODERATE,NONE,AI_CANDIDATE_REVISED,REVIEWED,TEST,SOCIALCUE-BN-GOLD-V1.0
F112-C,F112,C,Shesh bus ta koto tay chhare?,UNCLEAR,SERVICE_PUBLIC,QUESTION,PASSENGER,TRANSPORT_CONTACT,EQUAL,OLDER,HIGH,INFORMAL,AGE,F112-A,TUMI,APNI,TUMI|APNI,ANSWERABLE,HIGH,AGE|FAMILIARITY|SETTING,0.167,MODERATE,NONE,AI_CANDIDATE_REVISED,REVIEWED,TEST,SOCIALCUE-BN-GOLD-V1.0
F113-A,F113,A,Train ta kon line theke chharbe?,UNCLEAR,SERVICE_PUBLIC,QUESTION,PASSENGER,TRANSPORT_CONTACT,LOWER,YOUNGER,HIGH,INFORMAL,NONE,F113-B|F113-C,TUI,TUMI,TUI|TUMI,ANSWERABLE,HIGH,AUTHORITY|AGE|FAMILIARITY|SETTING,0.167,MODERATE,NONE,AI_CANDIDATE_REVISED,REVIEWED,TEST,SOCIALCUE-BN-GOLD-V1.0
F113-B,F113,B,Train ta kon line theke chharbe?,UNCLEAR,SERVICE_PUBLIC,QUESTION,PASSENGER,TRANSPORT_CONTACT,EQUAL,YOUNGER,HIGH,INFORMAL,AUTHORITY,F113-A,TUMI,TUI,TUMI|TUI,ANSWERABLE,HIGH,AGE|FAMILIARITY|SETTING,0.167,MODERATE,NONE,AI_CANDIDATE_REVISED,REVIEWED,TEST,SOCIALCUE-BN-GOLD-V1.0
F113-C,F113,C,Train ta kon line theke chharbe?,UNCLEAR,SERVICE_PUBLIC,QUESTION,PASSENGER,TRANSPORT_CONTACT,LOWER,YOUNGER,LOW,INFORMAL,FAMILIARITY,F113-A,APNI,TUMI,APNI|TUMI,ANSWERABLE,HIGH,AUTHORITY|AGE|FAMILIARITY|SETTING,0.167,MODERATE,NONE,AI_CANDIDATE_REVISED,REVIEWED,TEST,SOCIALCUE-BN-GOLD-V1.0
F114-A,F114,A,Daktar dekhanor serial ta ajke pawa jabe?,UNCLEAR,SERVICE_PUBLIC,REQUEST,PATIENT,HEALTHCARE_CONTACT,EQUAL,SIMILAR,MEDIUM,SEMI_FORMAL,NONE,F114-B|F114-C,TUMI,APNI,TUMI|APNI,ANSWERABLE,HIGH,FAMILIARITY|SETTING,0,NONE,NONE,AI_CANDIDATE_REVISED,REVIEWED,TEST,SOCIALCUE-BN-GOLD-V1.0
F114-B,F114,B,Daktar dekhanor serial ta ajke pawa jabe?,UNCLEAR,SERVICE_PUBLIC,REQUEST,PATIENT,HEALTHCARE_CONTACT,HIGHER,SIMILAR,MEDIUM,SEMI_FORMAL,AUTHORITY,F114-A,APNI,TUMI,APNI|TUMI,ANSWERABLE,HIGH,AUTHORITY|SETTING,0,NONE,NONE,AI_CANDIDATE_REVISED,REVIEWED,TEST,SOCIALCUE-BN-GOLD-V1.0
F114-C,F114,C,Daktar dekhanor serial ta ajke pawa jabe?,UNCLEAR,SERVICE_PUBLIC,REQUEST,PATIENT,HEALTHCARE_CONTACT,EQUAL,SIMILAR,MEDIUM,FORMAL,SETTING,F114-A,APNI,TUMI,APNI|TUMI,ANSWERABLE,HIGH,FAMILIARITY|SETTING,0,NONE,NONE,AI_CANDIDATE_REVISED,REVIEWED,TEST,SOCIALCUE-BN-GOLD-V1.0
F115-A,F115,A,Ei oshudh ta stock e ache ki?,UNCLEAR,SERVICE_PUBLIC,QUESTION,CUSTOMER,PHARMACY_CONTACT,EQUAL,YOUNGER,HIGH,INFORMAL,NONE,F115-B|F115-C,TUMI,TUI,TUMI|TUI,ANSWERABLE,HIGH,AGE|FAMILIARITY|SETTING,0.143,LIGHT,NONE,AI_CANDIDATE_REVISED,REVIEWED,TEST,SOCIALCUE-BN-GOLD-V1.0
F115-B,F115,B,Ei oshudh ta stock e ache ki?,UNCLEAR,SERVICE_PUBLIC,QUESTION,CUSTOMER,PHARMACY_CONTACT,EQUAL,OLDER,HIGH,INFORMAL,AGE,F115-A,TUMI,APNI,TUMI|APNI,ANSWERABLE,HIGH,AGE|FAMILIARITY|SETTING,0.143,LIGHT,NONE,AI_CANDIDATE_REVISED,REVIEWED,TEST,SOCIALCUE-BN-GOLD-V1.0
F115-C,F115,C,Ei oshudh ta stock e ache ki?,UNCLEAR,SERVICE_PUBLIC,QUESTION,CUSTOMER,PHARMACY_CONTACT,EQUAL,YOUNGER,LOW,INFORMAL,FAMILIARITY,F115-A,APNI,TUMI,APNI|TUMI,ANSWERABLE,HIGH,AGE|FAMILIARITY|SETTING,0.143,LIGHT,NONE,AI_CANDIDATE_REVISED,REVIEWED,TEST,SOCIALCUE-BN-GOLD-V1.0
F116-A,F116,A,Bank er form ta kothay pawa jabe?,UNCLEAR,SERVICE_PUBLIC,QUESTION,SERVICE_USER,BANK_CONTACT,EQUAL,SIMILAR,HIGH,INFORMAL,NONE,F116-B|F116-C,TUMI,,TUMI,ANSWERABLE,HIGH,FAMILIARITY|SETTING,0.143,LIGHT,NONE,AI_CANDIDATE_REVISED,REVIEWED,TEST,SOCIALCUE-BN-GOLD-V1.0
F116-B,F116,B,Bank er form ta kothay pawa jabe?,UNCLEAR,SERVICE_PUBLIC,QUESTION,SERVICE_USER,BANK_CONTACT,EQUAL,OLDER,HIGH,INFORMAL,AGE,F116-A,TUMI,APNI,TUMI|APNI,ANSWERABLE,HIGH,AGE|FAMILIARITY|SETTING,0.143,LIGHT,NONE,AI_CANDIDATE_REVISED,REVIEWED,TEST,SOCIALCUE-BN-GOLD-V1.0
F116-C,F116,C,Bank er form ta kothay pawa jabe?,UNCLEAR,SERVICE_PUBLIC,QUESTION,SERVICE_USER,BANK_CONTACT,EQUAL,SIMILAR,HIGH,FORMAL,SETTING,F116-A,APNI,TUMI,APNI|TUMI,ANSWERABLE,HIGH,FAMILIARITY|SETTING,0.143,LIGHT,NONE,AI_CANDIDATE_REVISED,REVIEWED,TEST,SOCIALCUE-BN-GOLD-V1.0
F117-A,F117,A,Thana ta kon dike jana jabe?,UNCLEAR,SERVICE_PUBLIC,QUESTION,PUBLIC_USER,PUBLIC_CONTACT,EQUAL,SIMILAR,HIGH,INFORMAL,NONE,F117-B|F117-C,TUMI,,TUMI,ANSWERABLE,HIGH,FAMILIARITY|SETTING,0,NONE,NONE,AI_CANDIDATE_REVISED,REVIEWED,TEST,SOCIALCUE-BN-GOLD-V1.0
F117-B,F117,B,Thana ta kon dike jana jabe?,UNCLEAR,SERVICE_PUBLIC,QUESTION,PUBLIC_USER,PUBLIC_CONTACT,EQUAL,SIMILAR,LOW,INFORMAL,FAMILIARITY,F117-A,APNI,TUMI,APNI|TUMI,ANSWERABLE,HIGH,FAMILIARITY|SETTING,0,NONE,NONE,AI_CANDIDATE_REVISED,REVIEWED,TEST,SOCIALCUE-BN-GOLD-V1.0
F117-C,F117,C,Thana ta kon dike jana jabe?,UNCLEAR,SERVICE_PUBLIC,QUESTION,PUBLIC_USER,PUBLIC_CONTACT,EQUAL,SIMILAR,HIGH,FORMAL,SETTING,F117-A,APNI,TUMI,APNI|TUMI,ANSWERABLE,HIGH,FAMILIARITY|SETTING,0,NONE,NONE,AI_CANDIDATE_REVISED,REVIEWED,TEST,SOCIALCUE-BN-GOLD-V1.0
F118-A,F118,A,Courier ta kobe pouchhabe jana ache?,UNCLEAR,SERVICE_PUBLIC,FOLLOW_UP,CUSTOMER,COURIER_CONTACT,HIGHER,SIMILAR,MEDIUM,SEMI_FORMAL,NONE,F118-B|F118-C,APNI,TUMI,APNI|TUMI,ANSWERABLE,HIGH,AUTHORITY|SETTING,0.167,MODERATE,NONE,AI_CANDIDATE_REVISED,REVIEWED,TEST,SOCIALCUE-BN-GOLD-V1.0
F118-B,F118,B,Courier ta kobe pouchhabe jana ache?,UNCLEAR,SERVICE_PUBLIC,FOLLOW_UP,CUSTOMER,COURIER_CONTACT,EQUAL,SIMILAR,MEDIUM,SEMI_FORMAL,AUTHORITY,F118-A,TUMI,APNI,TUMI|APNI,ANSWERABLE,HIGH,FAMILIARITY|SETTING,0.167,MODERATE,NONE,AI_CANDIDATE_REVISED,REVIEWED,TEST,SOCIALCUE-BN-GOLD-V1.0
F118-C,F118,C,Courier ta kobe pouchhabe jana ache?,UNCLEAR,SERVICE_PUBLIC,FOLLOW_UP,CUSTOMER,COURIER_CONTACT,HIGHER,SIMILAR,HIGH,SEMI_FORMAL,FAMILIARITY,F118-A,APNI,TUMI,APNI|TUMI,ANSWERABLE,HIGH,AUTHORITY|FAMILIARITY|SETTING,0.167,MODERATE,NONE,AI_CANDIDATE_REVISED,REVIEWED,TEST,SOCIALCUE-BN-GOLD-V1.0
F119-A,F119,A,Khabarer order ta ekhon deya jabe?,UNCLEAR,SERVICE_PUBLIC,REQUEST,CUSTOMER,RESTAURANT_CONTACT,EQUAL,OLDER,MEDIUM,SEMI_FORMAL,NONE,F119-B|F119-C,APNI,TUMI,APNI|TUMI,ANSWERABLE,HIGH,AGE|FAMILIARITY|SETTING,0.167,MODERATE,NONE,AI_CANDIDATE_REVISED,REVIEWED,TEST,SOCIALCUE-BN-GOLD-V1.0
F119-B,F119,B,Khabarer order ta ekhon deya jabe?,UNCLEAR,SERVICE_PUBLIC,REQUEST,CUSTOMER,RESTAURANT_CONTACT,EQUAL,SIMILAR,MEDIUM,SEMI_FORMAL,AGE,F119-A,TUMI,APNI,TUMI|APNI,ANSWERABLE,HIGH,FAMILIARITY|SETTING,0.167,MODERATE,NONE,AI_CANDIDATE_REVISED,REVIEWED,TEST,SOCIALCUE-BN-GOLD-V1.0
F119-C,F119,C,Khabarer order ta ekhon deya jabe?,UNCLEAR,SERVICE_PUBLIC,REQUEST,CUSTOMER,RESTAURANT_CONTACT,EQUAL,OLDER,MEDIUM,INFORMAL,SETTING,F119-A,APNI,TUMI,APNI|TUMI,ANSWERABLE,HIGH,AGE|FAMILIARITY|SETTING,0.167,MODERATE,NONE,AI_CANDIDATE_REVISED,REVIEWED,TEST,SOCIALCUE-BN-GOLD-V1.0
F120-A,F120,A,Hotel e khali ghor ache ki?,UNCLEAR,SERVICE_PUBLIC,QUESTION,TRAVELLER,HOTEL_CONTACT,EQUAL,SIMILAR,HIGH,INFORMAL,NONE,F120-B|F120-C,TUMI,,TUMI,ANSWERABLE,HIGH,FAMILIARITY|SETTING,0.167,MODERATE,NONE,AI_CANDIDATE_REVISED,REVIEWED,TEST,SOCIALCUE-BN-GOLD-V1.0
F120-B,F120,B,Hotel e khali ghor ache ki?,UNCLEAR,SERVICE_PUBLIC,QUESTION,TRAVELLER,HOTEL_CONTACT,HIGHER,SIMILAR,HIGH,INFORMAL,AUTHORITY,F120-A,APNI,TUMI,APNI|TUMI,ANSWERABLE,HIGH,AUTHORITY|FAMILIARITY|SETTING,0.167,MODERATE,NONE,AI_CANDIDATE_REVISED,REVIEWED,TEST,SOCIALCUE-BN-GOLD-V1.0
F120-C,F120,C,Hotel e khali ghor ache ki?,UNCLEAR,SERVICE_PUBLIC,QUESTION,TRAVELLER,HOTEL_CONTACT,EQUAL,OLDER,HIGH,INFORMAL,AGE,F120-A,TUMI,APNI,TUMI|APNI,ANSWERABLE,HIGH,AGE|FAMILIARITY|SETTING,0.167,MODERATE,NONE,AI_CANDIDATE_REVISED,REVIEWED,TEST,SOCIALCUE-BN-GOLD-V1.0
F121-A,F121,A,Fan ta meramot korar shomoy deya jabe?,UNCLEAR,SERVICE_PUBLIC,REQUEST,CUSTOMER,REPAIR_CONTACT,LOWER,YOUNGER,HIGH,INFORMAL,NONE,F121-B|F121-C,TUI,TUMI,TUI|TUMI,ANSWERABLE,HIGH,AUTHORITY|AGE|FAMILIARITY|SETTING,0,NONE,NONE,AI_CANDIDATE_REVISED,REVIEWED,TEST,SOCIALCUE-BN-GOLD-V1.0
F121-B,F121,B,Fan ta meramot korar shomoy deya jabe?,UNCLEAR,SERVICE_PUBLIC,REQUEST,CUSTOMER,REPAIR_CONTACT,EQUAL,YOUNGER,HIGH,INFORMAL,AUTHORITY,F121-A,TUMI,TUI,TUMI|TUI,ANSWERABLE,HIGH,AGE|FAMILIARITY|SETTING,0,NONE,NONE,AI_CANDIDATE_REVISED,REVIEWED,TEST,SOCIALCUE-BN-GOLD-V1.0
F121-C,F121,C,Fan ta meramot korar shomoy deya jabe?,UNCLEAR,SERVICE_PUBLIC,REQUEST,CUSTOMER,REPAIR_CONTACT,LOWER,YOUNGER,LOW,INFORMAL,FAMILIARITY,F121-A,APNI,TUMI,APNI|TUMI,ANSWERABLE,HIGH,AUTHORITY|AGE|FAMILIARITY|SETTING,0,NONE,NONE,AI_CANDIDATE_REVISED,REVIEWED,TEST,SOCIALCUE-BN-GOLD-V1.0
F122-A,F122,A,Sorkari abedon ta kon counter e jama dite hobe?,UNCLEAR,SERVICE_PUBLIC,QUESTION,SERVICE_USER,OFFICIAL_CONTACT,EQUAL,SIMILAR,MEDIUM,SEMI_FORMAL,NONE,F122-B|F122-C,TUMI,APNI,TUMI|APNI,ANSWERABLE,HIGH,FAMILIARITY|SETTING,0.111,LIGHT,NONE,AI_CANDIDATE_REVISED,REVIEWED,TEST,SOCIALCUE-BN-GOLD-V1.0
F122-B,F122,B,Sorkari abedon ta kon counter e jama dite hobe?,UNCLEAR,SERVICE_PUBLIC,QUESTION,SERVICE_USER,OFFICIAL_CONTACT,HIGHER,SIMILAR,MEDIUM,SEMI_FORMAL,AUTHORITY,F122-A,APNI,TUMI,APNI|TUMI,ANSWERABLE,HIGH,AUTHORITY|SETTING,0.111,LIGHT,NONE,AI_CANDIDATE_REVISED,REVIEWED,TEST,SOCIALCUE-BN-GOLD-V1.0
F122-C,F122,C,Sorkari abedon ta kon counter e jama dite hobe?,UNCLEAR,SERVICE_PUBLIC,QUESTION,SERVICE_USER,OFFICIAL_CONTACT,EQUAL,SIMILAR,MEDIUM,FORMAL,SETTING,F122-A,APNI,TUMI,APNI|TUMI,ANSWERABLE,HIGH,FAMILIARITY|SETTING,0.111,LIGHT,NONE,AI_CANDIDATE_REVISED,REVIEWED,TEST,SOCIALCUE-BN-GOLD-V1.0
F123-A,F123,A,Ticket ta ekhane kata jabe?,UNCLEAR,SERVICE_PUBLIC,QUESTION,PASSENGER,TICKET_CONTACT,EQUAL,YOUNGER,HIGH,INFORMAL,NONE,F123-B|F123-C,TUMI,TUI,TUMI|TUI,ANSWERABLE,HIGH,AGE|FAMILIARITY|SETTING,0.2,MODERATE,NONE,AI_CANDIDATE_REVISED,REVIEWED,TEST,SOCIALCUE-BN-GOLD-V1.0
F123-B,F123,B,Ticket ta ekhane kata jabe?,UNCLEAR,SERVICE_PUBLIC,QUESTION,PASSENGER,TICKET_CONTACT,EQUAL,OLDER,HIGH,INFORMAL,AGE,F123-A,TUMI,APNI,TUMI|APNI,ANSWERABLE,HIGH,AGE|FAMILIARITY|SETTING,0.2,MODERATE,NONE,AI_CANDIDATE_REVISED,REVIEWED,TEST,SOCIALCUE-BN-GOLD-V1.0
F123-C,F123,C,Ticket ta ekhane kata jabe?,UNCLEAR,SERVICE_PUBLIC,QUESTION,PASSENGER,TICKET_CONTACT,EQUAL,YOUNGER,LOW,INFORMAL,FAMILIARITY,F123-A,APNI,TUMI,APNI|TUMI,ANSWERABLE,HIGH,AGE|FAMILIARITY|SETTING,0.2,MODERATE,NONE,AI_CANDIDATE_REVISED,REVIEWED,TEST,SOCIALCUE-BN-GOLD-V1.0
F124-A,F124,A,Ei rastay gari neya jabe ki?,UNCLEAR,SERVICE_PUBLIC,QUESTION,PASSENGER,DRIVER_CONTACT,EQUAL,SIMILAR,HIGH,INFORMAL,NONE,F124-B|F124-C,TUMI,,TUMI,ANSWERABLE,HIGH,FAMILIARITY|SETTING,0,NONE,NONE,AI_CANDIDATE_REVISED,REVIEWED,TEST,SOCIALCUE-BN-GOLD-V1.0
F124-B,F124,B,Ei rastay gari neya jabe ki?,UNCLEAR,SERVICE_PUBLIC,QUESTION,PASSENGER,DRIVER_CONTACT,EQUAL,OLDER,HIGH,INFORMAL,AGE,F124-A,TUMI,APNI,TUMI|APNI,ANSWERABLE,HIGH,AGE|FAMILIARITY|SETTING,0,NONE,NONE,AI_CANDIDATE_REVISED,REVIEWED,TEST,SOCIALCUE-BN-GOLD-V1.0
F124-C,F124,C,Ei rastay gari neya jabe ki?,UNCLEAR,SERVICE_PUBLIC,QUESTION,PASSENGER,DRIVER_CONTACT,EQUAL,SIMILAR,HIGH,FORMAL,SETTING,F124-A,APNI,TUMI,APNI|TUMI,ANSWERABLE,HIGH,FAMILIARITY|SETTING,0,NONE,NONE,AI_CANDIDATE_REVISED,REVIEWED,TEST,SOCIALCUE-BN-GOLD-V1.0
F125-A,F125,A,Bidyut shomossa ta kothay janate hobe?,UNCLEAR,SERVICE_PUBLIC,QUESTION,SERVICE_USER,UTILITY_CONTACT,EQUAL,SIMILAR,HIGH,INFORMAL,NONE,F125-B|F125-C,TUMI,,TUMI,ANSWERABLE,HIGH,FAMILIARITY|SETTING,0,NONE,NONE,AI_CANDIDATE_REVISED,REVIEWED,TEST,SOCIALCUE-BN-GOLD-V1.0
F125-B,F125,B,Bidyut shomossa ta kothay janate hobe?,UNCLEAR,SERVICE_PUBLIC,QUESTION,SERVICE_USER,UTILITY_CONTACT,EQUAL,SIMILAR,LOW,INFORMAL,FAMILIARITY,F125-A,APNI,TUMI,APNI|TUMI,ANSWERABLE,HIGH,FAMILIARITY|SETTING,0,NONE,NONE,AI_CANDIDATE_REVISED,REVIEWED,TEST,SOCIALCUE-BN-GOLD-V1.0
F125-C,F125,C,Bidyut shomossa ta kothay janate hobe?,UNCLEAR,SERVICE_PUBLIC,QUESTION,SERVICE_USER,UTILITY_CONTACT,EQUAL,SIMILAR,HIGH,FORMAL,SETTING,F125-A,APNI,TUMI,APNI|TUMI,ANSWERABLE,HIGH,FAMILIARITY|SETTING,0,NONE,NONE,AI_CANDIDATE_REVISED,REVIEWED,TEST,SOCIALCUE-BN-GOLD-V1.0
F126-A,F126,A,Internet line ta kobe thik hobe?,UNCLEAR,SERVICE_PUBLIC,FOLLOW_UP,SERVICE_USER,UTILITY_CONTACT,HIGHER,SIMILAR,MEDIUM,SEMI_FORMAL,NONE,F126-B|F126-C,APNI,TUMI,APNI|TUMI,ANSWERABLE,HIGH,AUTHORITY|SETTING,0.167,MODERATE,NONE,AI_CANDIDATE_REVISED,REVIEWED,TEST,SOCIALCUE-BN-GOLD-V1.0
F126-B,F126,B,Internet line ta kobe thik hobe?,UNCLEAR,SERVICE_PUBLIC,FOLLOW_UP,SERVICE_USER,UTILITY_CONTACT,EQUAL,SIMILAR,MEDIUM,SEMI_FORMAL,AUTHORITY,F126-A,TUMI,APNI,TUMI|APNI,ANSWERABLE,HIGH,FAMILIARITY|SETTING,0.167,MODERATE,NONE,AI_CANDIDATE_REVISED,REVIEWED,TEST,SOCIALCUE-BN-GOLD-V1.0
F126-C,F126,C,Internet line ta kobe thik hobe?,UNCLEAR,SERVICE_PUBLIC,FOLLOW_UP,SERVICE_USER,UTILITY_CONTACT,HIGHER,SIMILAR,HIGH,SEMI_FORMAL,FAMILIARITY,F126-A,APNI,TUMI,APNI|TUMI,ANSWERABLE,HIGH,AUTHORITY|FAMILIARITY|SETTING,0.167,MODERATE,NONE,AI_CANDIDATE_REVISED,REVIEWED,TEST,SOCIALCUE-BN-GOLD-V1.0
F127-A,F127,A,Hospital er tothyo desk ta kon dike?,UNCLEAR,SERVICE_PUBLIC,QUESTION,HOSPITAL_VISITOR,HEALTHCARE_CONTACT,EQUAL,OLDER,MEDIUM,SEMI_FORMAL,NONE,F127-B|F127-C,APNI,TUMI,APNI|TUMI,ANSWERABLE,HIGH,AGE|FAMILIARITY|SETTING,0.286,MODERATE,NONE,AI_CANDIDATE_REVISED,REVIEWED,TEST,SOCIALCUE-BN-GOLD-V1.0
F127-B,F127,B,Hospital er tothyo desk ta kon dike?,UNCLEAR,SERVICE_PUBLIC,QUESTION,HOSPITAL_VISITOR,HEALTHCARE_CONTACT,EQUAL,SIMILAR,MEDIUM,SEMI_FORMAL,AGE,F127-A,TUMI,APNI,TUMI|APNI,ANSWERABLE,HIGH,FAMILIARITY|SETTING,0.286,MODERATE,NONE,AI_CANDIDATE_REVISED,REVIEWED,TEST,SOCIALCUE-BN-GOLD-V1.0
F127-C,F127,C,Hospital er tothyo desk ta kon dike?,UNCLEAR,SERVICE_PUBLIC,QUESTION,HOSPITAL_VISITOR,HEALTHCARE_CONTACT,EQUAL,OLDER,MEDIUM,INFORMAL,SETTING,F127-A,APNI,TUMI,APNI|TUMI,ANSWERABLE,HIGH,AGE|FAMILIARITY|SETTING,0.286,MODERATE,NONE,AI_CANDIDATE_REVISED,REVIEWED,TEST,SOCIALCUE-BN-GOLD-V1.0
F128-A,F128,A,Bazar ta koto khon porjonto khola thake?,UNCLEAR,SERVICE_PUBLIC,QUESTION,CUSTOMER,PUBLIC_CONTACT,EQUAL,SIMILAR,HIGH,INFORMAL,NONE,F128-B|F128-C,TUMI,,TUMI,ANSWERABLE,HIGH,FAMILIARITY|SETTING,0,NONE,NONE,AI_CANDIDATE_REVISED,REVIEWED,TEST,SOCIALCUE-BN-GOLD-V1.0
F128-B,F128,B,Bazar ta koto khon porjonto khola thake?,UNCLEAR,SERVICE_PUBLIC,QUESTION,CUSTOMER,PUBLIC_CONTACT,HIGHER,SIMILAR,HIGH,INFORMAL,AUTHORITY,F128-A,APNI,TUMI,APNI|TUMI,ANSWERABLE,HIGH,AUTHORITY|FAMILIARITY|SETTING,0,NONE,NONE,AI_CANDIDATE_REVISED,REVIEWED,TEST,SOCIALCUE-BN-GOLD-V1.0
F128-C,F128,C,Bazar ta koto khon porjonto khola thake?,UNCLEAR,SERVICE_PUBLIC,QUESTION,CUSTOMER,PUBLIC_CONTACT,EQUAL,OLDER,HIGH,INFORMAL,AGE,F128-A,TUMI,APNI,TUMI|APNI,ANSWERABLE,HIGH,AGE|FAMILIARITY|SETTING,0,NONE,NONE,AI_CANDIDATE_REVISED,REVIEWED,TEST,SOCIALCUE-BN-GOLD-V1.0
F129-A,F129,A,Pathagarer card banate ki lagbe?,UNCLEAR,SERVICE_PUBLIC,QUESTION,LIBRARY_USER,LIBRARY_CONTACT,LOWER,YOUNGER,HIGH,INFORMAL,NONE,F129-B|F129-C,TUI,TUMI,TUI|TUMI,ANSWERABLE,HIGH,AUTHORITY|AGE|FAMILIARITY|SETTING,0.2,MODERATE,NONE,AI_CANDIDATE_REVISED,REVIEWED,TEST,SOCIALCUE-BN-GOLD-V1.0
F129-B,F129,B,Pathagarer card banate ki lagbe?,UNCLEAR,SERVICE_PUBLIC,QUESTION,LIBRARY_USER,LIBRARY_CONTACT,EQUAL,YOUNGER,HIGH,INFORMAL,AUTHORITY,F129-A,TUMI,TUI,TUMI|TUI,ANSWERABLE,HIGH,AGE|FAMILIARITY|SETTING,0.2,MODERATE,NONE,AI_CANDIDATE_REVISED,REVIEWED,TEST,SOCIALCUE-BN-GOLD-V1.0
F129-C,F129,C,Pathagarer card banate ki lagbe?,UNCLEAR,SERVICE_PUBLIC,QUESTION,LIBRARY_USER,LIBRARY_CONTACT,LOWER,YOUNGER,LOW,INFORMAL,FAMILIARITY,F129-A,APNI,TUMI,APNI|TUMI,ANSWERABLE,HIGH,AUTHORITY|AGE|FAMILIARITY|SETTING,0.2,MODERATE,NONE,AI_CANDIDATE_REVISED,REVIEWED,TEST,SOCIALCUE-BN-GOLD-V1.0
F130-A,F130,A,Passport office e sari kothay shuru hoy?,UNCLEAR,SERVICE_PUBLIC,QUESTION,SERVICE_USER,OFFICIAL_CONTACT,EQUAL,SIMILAR,MEDIUM,SEMI_FORMAL,NONE,F130-B|F130-C,TUMI,APNI,TUMI|APNI,ANSWERABLE,HIGH,FAMILIARITY|SETTING,0.286,MODERATE,NONE,AI_CANDIDATE_REVISED,REVIEWED,TEST,SOCIALCUE-BN-GOLD-V1.0
F130-B,F130,B,Passport office e sari kothay shuru hoy?,UNCLEAR,SERVICE_PUBLIC,QUESTION,SERVICE_USER,OFFICIAL_CONTACT,HIGHER,SIMILAR,MEDIUM,SEMI_FORMAL,AUTHORITY,F130-A,APNI,TUMI,APNI|TUMI,ANSWERABLE,HIGH,AUTHORITY|SETTING,0.286,MODERATE,NONE,AI_CANDIDATE_REVISED,REVIEWED,TEST,SOCIALCUE-BN-GOLD-V1.0
F130-C,F130,C,Passport office e sari kothay shuru hoy?,UNCLEAR,SERVICE_PUBLIC,QUESTION,SERVICE_USER,OFFICIAL_CONTACT,EQUAL,SIMILAR,MEDIUM,FORMAL,SETTING,F130-A,APNI,TUMI,APNI|TUMI,ANSWERABLE,HIGH,FAMILIARITY|SETTING,0.286,MODERATE,NONE,AI_CANDIDATE_REVISED,REVIEWED,TEST,SOCIALCUE-BN-GOLD-V1.0
F131-A,F131,A,Mobile meramot kendro ta koto tay khole?,UNCLEAR,SERVICE_PUBLIC,QUESTION,CUSTOMER,REPAIR_CONTACT,EQUAL,YOUNGER,HIGH,INFORMAL,NONE,F131-B|F131-C,TUI,TUMI,TUI|TUMI,ANSWERABLE,HIGH,AGE|FAMILIARITY|SETTING,0.143,LIGHT,NONE,AI_CANDIDATE_REVISED,REVIEWED,TEST,SOCIALCUE-BN-GOLD-V1.0
F131-B,F131,B,Mobile meramot kendro ta koto tay khole?,UNCLEAR,SERVICE_PUBLIC,QUESTION,CUSTOMER,REPAIR_CONTACT,EQUAL,OLDER,HIGH,INFORMAL,AGE,F131-A,TUMI,APNI,TUMI|APNI,ANSWERABLE,HIGH,AGE|FAMILIARITY|SETTING,0.143,LIGHT,NONE,AI_CANDIDATE_REVISED,REVIEWED,TEST,SOCIALCUE-BN-GOLD-V1.0
F131-C,F131,C,Mobile meramot kendro ta koto tay khole?,UNCLEAR,SERVICE_PUBLIC,QUESTION,CUSTOMER,REPAIR_CONTACT,EQUAL,YOUNGER,LOW,INFORMAL,FAMILIARITY,F131-A,APNI,TUMI,APNI|TUMI,ANSWERABLE,HIGH,AGE|FAMILIARITY|SETTING,0.143,LIGHT,NONE,AI_CANDIDATE_REVISED,REVIEWED,TEST,SOCIALCUE-BN-GOLD-V1.0
F132-A,F132,A,Delivery ta kon gate e nite hobe?,UNCLEAR,SERVICE_PUBLIC,QUESTION,CUSTOMER,DELIVERY_CONTACT,EQUAL,SIMILAR,HIGH,INFORMAL,NONE,F132-B|F132-C,TUMI,,TUMI,ANSWERABLE,HIGH,FAMILIARITY|SETTING,0.286,MODERATE,NONE,AI_CANDIDATE_REVISED,REVIEWED,TEST,SOCIALCUE-BN-GOLD-V1.0
F132-B,F132,B,Delivery ta kon gate e nite hobe?,UNCLEAR,SERVICE_PUBLIC,QUESTION,CUSTOMER,DELIVERY_CONTACT,EQUAL,OLDER,HIGH,INFORMAL,AGE,F132-A,TUMI,APNI,TUMI|APNI,ANSWERABLE,HIGH,AGE|FAMILIARITY|SETTING,0.286,MODERATE,NONE,AI_CANDIDATE_REVISED,REVIEWED,TEST,SOCIALCUE-BN-GOLD-V1.0
F132-C,F132,C,Delivery ta kon gate e nite hobe?,UNCLEAR,SERVICE_PUBLIC,QUESTION,CUSTOMER,DELIVERY_CONTACT,EQUAL,SIMILAR,HIGH,FORMAL,SETTING,F132-A,APNI,TUMI,APNI|TUMI,ANSWERABLE,HIGH,FAMILIARITY|SETTING,0.286,MODERATE,NONE,AI_CANDIDATE_REVISED,REVIEWED,TEST,SOCIALCUE-BN-GOLD-V1.0
F133-A,F133,A,Group er notun niyom ta kothay deya ache?,UNCLEAR,ONLINE,QUESTION,ONLINE_MEMBER,ONLINE_CONTACT,EQUAL,SIMILAR,HIGH,INFORMAL,NONE,F133-B|F133-C,TUMI,,TUMI,ANSWERABLE,HIGH,FAMILIARITY|SETTING,0.125,LIGHT,NONE,AI_CANDIDATE_REVISED,REVIEWED,TEST,SOCIALCUE-BN-GOLD-V1.0
F133-B,F133,B,Group er notun niyom ta kothay deya ache?,UNCLEAR,ONLINE,QUESTION,ONLINE_MEMBER,ONLINE_CONTACT,EQUAL,SIMILAR,LOW,INFORMAL,FAMILIARITY,F133-A,APNI,TUMI,APNI|TUMI,ANSWERABLE,HIGH,FAMILIARITY|SETTING,0.125,LIGHT,NONE,AI_CANDIDATE_REVISED,REVIEWED,TEST,SOCIALCUE-BN-GOLD-V1.0
F133-C,F133,C,Group er notun niyom ta kothay deya ache?,UNCLEAR,ONLINE,QUESTION,ONLINE_MEMBER,ONLINE_CONTACT,EQUAL,SIMILAR,HIGH,FORMAL,SETTING,F133-A,APNI,TUMI,APNI|TUMI,ANSWERABLE,HIGH,FAMILIARITY|SETTING,0.125,LIGHT,NONE,AI_CANDIDATE_REVISED,REVIEWED,TEST,SOCIALCUE-BN-GOLD-V1.0
F134-A,F134,A,Ei khoborer source ta share kora jabe?,UNCLEAR,ONLINE,REQUEST,ONLINE_MEMBER,ONLINE_CONTACT,HIGHER,SIMILAR,MEDIUM,SEMI_FORMAL,NONE,F134-B|F134-C,APNI,TUMI,APNI|TUMI,ANSWERABLE,HIGH,AUTHORITY|SETTING,0.286,MODERATE,NONE,AI_CANDIDATE_REVISED,REVIEWED,TEST,SOCIALCUE-BN-GOLD-V1.0
F134-B,F134,B,Ei khoborer source ta share kora jabe?,UNCLEAR,ONLINE,REQUEST,ONLINE_MEMBER,ONLINE_CONTACT,EQUAL,SIMILAR,MEDIUM,SEMI_FORMAL,AUTHORITY,F134-A,TUMI,APNI,TUMI|APNI,ANSWERABLE,HIGH,FAMILIARITY|SETTING,0.286,MODERATE,NONE,AI_CANDIDATE_REVISED,REVIEWED,TEST,SOCIALCUE-BN-GOLD-V1.0
F134-C,F134,C,Ei khoborer source ta share kora jabe?,UNCLEAR,ONLINE,REQUEST,ONLINE_MEMBER,ONLINE_CONTACT,HIGHER,SIMILAR,HIGH,SEMI_FORMAL,FAMILIARITY,F134-A,APNI,TUMI,APNI|TUMI,ANSWERABLE,HIGH,AUTHORITY|FAMILIARITY|SETTING,0.286,MODERATE,NONE,AI_CANDIDATE_REVISED,REVIEWED,TEST,SOCIALCUE-BN-GOLD-V1.0
F135-A,F135,A,File ta kothay jama dite hobe?,UNCLEAR,ONLINE,QUESTION,ONLINE_MEMBER,ONLINE_CONTACT,EQUAL,OLDER,MEDIUM,SEMI_FORMAL,NONE,F135-B|F135-C,APNI,TUMI,APNI|TUMI,ANSWERABLE,HIGH,AGE|FAMILIARITY|SETTING,0.167,MODERATE,NONE,AI_CANDIDATE_REVISED,REVIEWED,TEST,SOCIALCUE-BN-GOLD-V1.0
F135-B,F135,B,File ta kothay jama dite hobe?,UNCLEAR,ONLINE,QUESTION,ONLINE_MEMBER,ONLINE_CONTACT,EQUAL,SIMILAR,MEDIUM,SEMI_FORMAL,AGE,F135-A,TUMI,APNI,TUMI|APNI,ANSWERABLE,HIGH,FAMILIARITY|SETTING,0.167,MODERATE,NONE,AI_CANDIDATE_REVISED,REVIEWED,TEST,SOCIALCUE-BN-GOLD-V1.0
F135-C,F135,C,File ta kothay jama dite hobe?,UNCLEAR,ONLINE,QUESTION,ONLINE_MEMBER,ONLINE_CONTACT,EQUAL,OLDER,MEDIUM,INFORMAL,SETTING,F135-A,APNI,TUMI,APNI|TUMI,ANSWERABLE,HIGH,AGE|FAMILIARITY|SETTING,0.167,MODERATE,NONE,AI_CANDIDATE_REVISED,REVIEWED,TEST,SOCIALCUE-BN-GOLD-V1.0
F136-A,F136,A,Post ta approve hote koto shomoy lage?,UNCLEAR,ONLINE,QUESTION,ONLINE_MEMBER,ONLINE_CONTACT,EQUAL,SIMILAR,HIGH,INFORMAL,NONE,F136-B|F136-C,TUMI,,TUMI,ANSWERABLE,HIGH,FAMILIARITY|SETTING,0.143,LIGHT,NONE,AI_CANDIDATE_REVISED,REVIEWED,TEST,SOCIALCUE-BN-GOLD-V1.0
F136-B,F136,B,Post ta approve hote koto shomoy lage?,UNCLEAR,ONLINE,QUESTION,ONLINE_MEMBER,ONLINE_CONTACT,HIGHER,SIMILAR,HIGH,INFORMAL,AUTHORITY,F136-A,APNI,TUMI,APNI|TUMI,ANSWERABLE,HIGH,AUTHORITY|FAMILIARITY|SETTING,0.143,LIGHT,NONE,AI_CANDIDATE_REVISED,REVIEWED,TEST,SOCIALCUE-BN-GOLD-V1.0
F136-C,F136,C,Post ta approve hote koto shomoy lage?,UNCLEAR,ONLINE,QUESTION,ONLINE_MEMBER,ONLINE_CONTACT,EQUAL,OLDER,HIGH,INFORMAL,AGE,F136-A,TUMI,APNI,TUMI|APNI,ANSWERABLE,HIGH,AGE|FAMILIARITY|SETTING,0.143,LIGHT,NONE,AI_CANDIDATE_REVISED,REVIEWED,TEST,SOCIALCUE-BN-GOLD-V1.0
F137-A,F137,A,Moderator er shathe jogajog kora jabe?,UNCLEAR,ONLINE,REQUEST,ONLINE_MEMBER,ONLINE_CONTACT,LOWER,YOUNGER,HIGH,INFORMAL,NONE,F137-B|F137-C,TUI,TUMI,TUI|TUMI,ANSWERABLE,HIGH,AUTHORITY|AGE|FAMILIARITY|SETTING,0.167,MODERATE,NONE,AI_CANDIDATE_REVISED,REVIEWED,TEST,SOCIALCUE-BN-GOLD-V1.0
F137-B,F137,B,Moderator er shathe jogajog kora jabe?,UNCLEAR,ONLINE,REQUEST,ONLINE_MEMBER,ONLINE_CONTACT,EQUAL,YOUNGER,HIGH,INFORMAL,AUTHORITY,F137-A,TUMI,TUI,TUMI|TUI,ANSWERABLE,HIGH,AGE|FAMILIARITY|SETTING,0.167,MODERATE,NONE,AI_CANDIDATE_REVISED,REVIEWED,TEST,SOCIALCUE-BN-GOLD-V1.0
F137-C,F137,C,Moderator er shathe jogajog kora jabe?,UNCLEAR,ONLINE,REQUEST,ONLINE_MEMBER,ONLINE_CONTACT,LOWER,YOUNGER,LOW,INFORMAL,FAMILIARITY,F137-A,APNI,TUMI,APNI|TUMI,ANSWERABLE,HIGH,AUTHORITY|AGE|FAMILIARITY|SETTING,0.167,MODERATE,NONE,AI_CANDIDATE_REVISED,REVIEWED,TEST,SOCIALCUE-BN-GOLD-V1.0
F138-A,F138,A,Account ta abar chalu korar upay ki?,UNCLEAR,ONLINE,QUESTION,ONLINE_MEMBER,ONLINE_CONTACT,EQUAL,SIMILAR,MEDIUM,SEMI_FORMAL,NONE,F138-B|F138-C,TUMI,APNI,TUMI|APNI,ANSWERABLE,HIGH,FAMILIARITY|SETTING,0.143,LIGHT,NONE,AI_CANDIDATE_REVISED,REVIEWED,TEST,SOCIALCUE-BN-GOLD-V1.0
F138-B,F138,B,Account ta abar chalu korar upay ki?,UNCLEAR,ONLINE,QUESTION,ONLINE_MEMBER,ONLINE_CONTACT,HIGHER,SIMILAR,MEDIUM,SEMI_FORMAL,AUTHORITY,F138-A,APNI,TUMI,APNI|TUMI,ANSWERABLE,HIGH,AUTHORITY|SETTING,0.143,LIGHT,NONE,AI_CANDIDATE_REVISED,REVIEWED,TEST,SOCIALCUE-BN-GOLD-V1.0
F138-C,F138,C,Account ta abar chalu korar upay ki?,UNCLEAR,ONLINE,QUESTION,ONLINE_MEMBER,ONLINE_CONTACT,EQUAL,SIMILAR,MEDIUM,FORMAL,SETTING,F138-A,APNI,TUMI,APNI|TUMI,ANSWERABLE,HIGH,FAMILIARITY|SETTING,0.143,LIGHT,NONE,AI_CANDIDATE_REVISED,REVIEWED,TEST,SOCIALCUE-BN-GOLD-V1.0
F139-A,F139,A,Online onushthaner thikana ta pawa jabe?,UNCLEAR,ONLINE,REQUEST,ONLINE_MEMBER,ONLINE_CONTACT,EQUAL,YOUNGER,HIGH,INFORMAL,NONE,F139-B|F139-C,TUMI,TUI,TUMI|TUI,ANSWERABLE,HIGH,AGE|FAMILIARITY|SETTING,0.167,MODERATE,NONE,AI_CANDIDATE_REVISED,REVIEWED,TEST,SOCIALCUE-BN-GOLD-V1.0
F139-B,F139,B,Online onushthaner thikana ta pawa jabe?,UNCLEAR,ONLINE,REQUEST,ONLINE_MEMBER,ONLINE_CONTACT,EQUAL,OLDER,HIGH,INFORMAL,AGE,F139-A,TUMI,APNI,TUMI|APNI,ANSWERABLE,HIGH,AGE|FAMILIARITY|SETTING,0.167,MODERATE,NONE,AI_CANDIDATE_REVISED,REVIEWED,TEST,SOCIALCUE-BN-GOLD-V1.0
F139-C,F139,C,Online onushthaner thikana ta pawa jabe?,UNCLEAR,ONLINE,REQUEST,ONLINE_MEMBER,ONLINE_CONTACT,EQUAL,YOUNGER,LOW,INFORMAL,FAMILIARITY,F139-A,APNI,TUMI,APNI|TUMI,ANSWERABLE,HIGH,AGE|FAMILIARITY|SETTING,0.167,MODERATE,NONE,AI_CANDIDATE_REVISED,REVIEWED,TEST,SOCIALCUE-BN-GOLD-V1.0
F140-A,F140,A,Comment tar ortho ektu clear kora jabe?,UNCLEAR,ONLINE,QUESTION,ONLINE_MEMBER,ONLINE_CONTACT,EQUAL,SIMILAR,HIGH,INFORMAL,NONE,F140-B|F140-C,TUMI,,TUMI,ANSWERABLE,HIGH,FAMILIARITY|SETTING,0.286,MODERATE,NONE,AI_CANDIDATE_REVISED,REVIEWED,TEST,SOCIALCUE-BN-GOLD-V1.0
F140-B,F140,B,Comment tar ortho ektu clear kora jabe?,UNCLEAR,ONLINE,QUESTION,ONLINE_MEMBER,ONLINE_CONTACT,EQUAL,OLDER,HIGH,INFORMAL,AGE,F140-A,TUMI,APNI,TUMI|APNI,ANSWERABLE,HIGH,AGE|FAMILIARITY|SETTING,0.286,MODERATE,NONE,AI_CANDIDATE_REVISED,REVIEWED,TEST,SOCIALCUE-BN-GOLD-V1.0
F140-C,F140,C,Comment tar ortho ektu clear kora jabe?,UNCLEAR,ONLINE,QUESTION,ONLINE_MEMBER,ONLINE_CONTACT,EQUAL,SIMILAR,HIGH,FORMAL,SETTING,F140-A,APNI,TUMI,APNI|TUMI,ANSWERABLE,HIGH,FAMILIARITY|SETTING,0.286,MODERATE,NONE,AI_CANDIDATE_REVISED,REVIEWED,TEST,SOCIALCUE-BN-GOLD-V1.0
F141-A,F141,A,Goponiyotar setting ta kothay bodlano jabe?,UNCLEAR,ONLINE,QUESTION,ONLINE_MEMBER,ONLINE_CONTACT,EQUAL,SIMILAR,HIGH,INFORMAL,NONE,F141-B|F141-C,TUMI,,TUMI,ANSWERABLE,HIGH,FAMILIARITY|SETTING,0.167,MODERATE,NONE,AI_CANDIDATE_REVISED,REVIEWED,TEST,SOCIALCUE-BN-GOLD-V1.0
F141-B,F141,B,Goponiyotar setting ta kothay bodlano jabe?,UNCLEAR,ONLINE,QUESTION,ONLINE_MEMBER,ONLINE_CONTACT,EQUAL,SIMILAR,LOW,INFORMAL,FAMILIARITY,F141-A,APNI,TUMI,APNI|TUMI,ANSWERABLE,HIGH,FAMILIARITY|SETTING,0.167,MODERATE,NONE,AI_CANDIDATE_REVISED,REVIEWED,TEST,SOCIALCUE-BN-GOLD-V1.0
F141-C,F141,C,Goponiyotar setting ta kothay bodlano jabe?,UNCLEAR,ONLINE,QUESTION,ONLINE_MEMBER,ONLINE_CONTACT,EQUAL,SIMILAR,HIGH,FORMAL,SETTING,F141-A,APNI,TUMI,APNI|TUMI,ANSWERABLE,HIGH,FAMILIARITY|SETTING,0.167,MODERATE,NONE,AI_CANDIDATE_REVISED,REVIEWED,TEST,SOCIALCUE-BN-GOLD-V1.0
F142-A,F142,A,Forum er purono alochona ta khuje pawa jabe?,UNCLEAR,ONLINE,QUESTION,ONLINE_MEMBER,ONLINE_CONTACT,HIGHER,SIMILAR,MEDIUM,SEMI_FORMAL,NONE,F142-B|F142-C,APNI,TUMI,APNI|TUMI,ANSWERABLE,HIGH,AUTHORITY|SETTING,0.125,LIGHT,NONE,AI_CANDIDATE_REVISED,REVIEWED,TEST,SOCIALCUE-BN-GOLD-V1.0
F142-B,F142,B,Forum er purono alochona ta khuje pawa jabe?,UNCLEAR,ONLINE,QUESTION,ONLINE_MEMBER,ONLINE_CONTACT,EQUAL,SIMILAR,MEDIUM,SEMI_FORMAL,AUTHORITY,F142-A,TUMI,APNI,TUMI|APNI,ANSWERABLE,HIGH,FAMILIARITY|SETTING,0.125,LIGHT,NONE,AI_CANDIDATE_REVISED,REVIEWED,TEST,SOCIALCUE-BN-GOLD-V1.0
F142-C,F142,C,Forum er purono alochona ta khuje pawa jabe?,UNCLEAR,ONLINE,QUESTION,ONLINE_MEMBER,ONLINE_CONTACT,HIGHER,SIMILAR,HIGH,SEMI_FORMAL,FAMILIARITY,F142-A,APNI,TUMI,APNI|TUMI,ANSWERABLE,HIGH,AUTHORITY|FAMILIARITY|SETTING,0.125,LIGHT,NONE,AI_CANDIDATE_REVISED,REVIEWED,TEST,SOCIALCUE-BN-GOLD-V1.0
F143-A,F143,A,Group e jog deyar request ta dekha hoyeche?,UNCLEAR,ONLINE,FOLLOW_UP,ONLINE_MEMBER,ONLINE_CONTACT,EQUAL,OLDER,MEDIUM,SEMI_FORMAL,NONE,F143-B|F143-C,APNI,TUMI,APNI|TUMI,ANSWERABLE,HIGH,AGE|FAMILIARITY|SETTING,0.25,MODERATE,NONE,AI_CANDIDATE_REVISED,REVIEWED,TEST,SOCIALCUE-BN-GOLD-V1.0
F143-B,F143,B,Group e jog deyar request ta dekha hoyeche?,UNCLEAR,ONLINE,FOLLOW_UP,ONLINE_MEMBER,ONLINE_CONTACT,EQUAL,SIMILAR,MEDIUM,SEMI_FORMAL,AGE,F143-A,TUMI,APNI,TUMI|APNI,ANSWERABLE,HIGH,FAMILIARITY|SETTING,0.25,MODERATE,NONE,AI_CANDIDATE_REVISED,REVIEWED,TEST,SOCIALCUE-BN-GOLD-V1.0
F143-C,F143,C,Group e jog deyar request ta dekha hoyeche?,UNCLEAR,ONLINE,FOLLOW_UP,ONLINE_MEMBER,ONLINE_CONTACT,EQUAL,OLDER,MEDIUM,INFORMAL,SETTING,F143-A,APNI,TUMI,APNI|TUMI,ANSWERABLE,HIGH,AGE|FAMILIARITY|SETTING,0.25,MODERATE,NONE,AI_CANDIDATE_REVISED,REVIEWED,TEST,SOCIALCUE-BN-GOLD-V1.0
F144-A,F144,A,Live session ta koto tay shuru hobe?,UNCLEAR,ONLINE,QUESTION,ONLINE_MEMBER,ONLINE_CONTACT,EQUAL,SIMILAR,HIGH,INFORMAL,NONE,F144-B|F144-C,TUMI,,TUMI,ANSWERABLE,HIGH,FAMILIARITY|SETTING,0.286,MODERATE,NONE,AI_CANDIDATE_REVISED,REVIEWED,TEST,SOCIALCUE-BN-GOLD-V1.0
F144-B,F144,B,Live session ta koto tay shuru hobe?,UNCLEAR,ONLINE,QUESTION,ONLINE_MEMBER,ONLINE_CONTACT,HIGHER,SIMILAR,HIGH,INFORMAL,AUTHORITY,F144-A,APNI,TUMI,APNI|TUMI,ANSWERABLE,HIGH,AUTHORITY|FAMILIARITY|SETTING,0.286,MODERATE,NONE,AI_CANDIDATE_REVISED,REVIEWED,TEST,SOCIALCUE-BN-GOLD-V1.0
F144-C,F144,C,Live session ta koto tay shuru hobe?,UNCLEAR,ONLINE,QUESTION,ONLINE_MEMBER,ONLINE_CONTACT,EQUAL,OLDER,HIGH,INFORMAL,AGE,F144-A,TUMI,APNI,TUMI|APNI,ANSWERABLE,HIGH,AGE|FAMILIARITY|SETTING,0.286,MODERATE,NONE,AI_CANDIDATE_REVISED,REVIEWED,TEST,SOCIALCUE-BN-GOLD-V1.0
F145-A,F145,A,Document er link ta abar deya jabe?,UNCLEAR,ONLINE,REQUEST,ONLINE_MEMBER,ONLINE_CONTACT,LOWER,YOUNGER,HIGH,INFORMAL,NONE,F145-B|F145-C,TUI,TUMI,TUI|TUMI,ANSWERABLE,HIGH,AUTHORITY|AGE|FAMILIARITY|SETTING,0.286,MODERATE,NONE,AI_CANDIDATE_REVISED,REVIEWED,TEST,SOCIALCUE-BN-GOLD-V1.0
F145-B,F145,B,Document er link ta abar deya jabe?,UNCLEAR,ONLINE,REQUEST,ONLINE_MEMBER,ONLINE_CONTACT,EQUAL,YOUNGER,HIGH,INFORMAL,AUTHORITY,F145-A,TUMI,TUI,TUMI|TUI,ANSWERABLE,HIGH,AGE|FAMILIARITY|SETTING,0.286,MODERATE,NONE,AI_CANDIDATE_REVISED,REVIEWED,TEST,SOCIALCUE-BN-GOLD-V1.0
F145-C,F145,C,Document er link ta abar deya jabe?,UNCLEAR,ONLINE,REQUEST,ONLINE_MEMBER,ONLINE_CONTACT,LOWER,YOUNGER,LOW,INFORMAL,FAMILIARITY,F145-A,APNI,TUMI,APNI|TUMI,ANSWERABLE,HIGH,AUTHORITY|AGE|FAMILIARITY|SETTING,0.286,MODERATE,NONE,AI_CANDIDATE_REVISED,REVIEWED,TEST,SOCIALCUE-BN-GOLD-V1.0
F146-A,F146,A,Notun update ta kobe ashbe jana ache?,UNCLEAR,ONLINE,QUESTION,ONLINE_MEMBER,ONLINE_CONTACT,EQUAL,SIMILAR,MEDIUM,SEMI_FORMAL,NONE,F146-B|F146-C,TUMI,APNI,TUMI|APNI,ANSWERABLE,HIGH,FAMILIARITY|SETTING,0.143,LIGHT,NONE,AI_CANDIDATE_REVISED,REVIEWED,TEST,SOCIALCUE-BN-GOLD-V1.0
F146-B,F146,B,Notun update ta kobe ashbe jana ache?,UNCLEAR,ONLINE,QUESTION,ONLINE_MEMBER,ONLINE_CONTACT,HIGHER,SIMILAR,MEDIUM,SEMI_FORMAL,AUTHORITY,F146-A,APNI,TUMI,APNI|TUMI,ANSWERABLE,HIGH,AUTHORITY|SETTING,0.143,LIGHT,NONE,AI_CANDIDATE_REVISED,REVIEWED,TEST,SOCIALCUE-BN-GOLD-V1.0
F146-C,F146,C,Notun update ta kobe ashbe jana ache?,UNCLEAR,ONLINE,QUESTION,ONLINE_MEMBER,ONLINE_CONTACT,EQUAL,SIMILAR,MEDIUM,FORMAL,SETTING,F146-A,APNI,TUMI,APNI|TUMI,ANSWERABLE,HIGH,FAMILIARITY|SETTING,0.143,LIGHT,NONE,AI_CANDIDATE_REVISED,REVIEWED,TEST,SOCIALCUE-BN-GOLD-V1.0
F147-A,F147,A,Report korar button ta kothay pawa jabe?,UNCLEAR,ONLINE,QUESTION,ONLINE_MEMBER,ONLINE_CONTACT,EQUAL,YOUNGER,HIGH,INFORMAL,NONE,F147-B|F147-C,TUMI,TUI,TUMI|TUI,ANSWERABLE,HIGH,AGE|FAMILIARITY|SETTING,0.286,MODERATE,NONE,AI_CANDIDATE_REVISED,REVIEWED,TEST,SOCIALCUE-BN-GOLD-V1.0
F147-B,F147,B,Report korar button ta kothay pawa jabe?,UNCLEAR,ONLINE,QUESTION,ONLINE_MEMBER,ONLINE_CONTACT,EQUAL,OLDER,HIGH,INFORMAL,AGE,F147-A,TUMI,APNI,TUMI|APNI,ANSWERABLE,HIGH,AGE|FAMILIARITY|SETTING,0.286,MODERATE,NONE,AI_CANDIDATE_REVISED,REVIEWED,TEST,SOCIALCUE-BN-GOLD-V1.0
F147-C,F147,C,Report korar button ta kothay pawa jabe?,UNCLEAR,ONLINE,QUESTION,ONLINE_MEMBER,ONLINE_CONTACT,EQUAL,YOUNGER,LOW,INFORMAL,FAMILIARITY,F147-A,APNI,TUMI,APNI|TUMI,ANSWERABLE,HIGH,AGE|FAMILIARITY|SETTING,0.286,MODERATE,NONE,AI_CANDIDATE_REVISED,REVIEWED,TEST,SOCIALCUE-BN-GOLD-V1.0
F148-A,F148,A,Video ta abar pathano jabe?,UNCLEAR,ONLINE,REQUEST,ONLINE_MEMBER,ONLINE_CONTACT,EQUAL,SIMILAR,HIGH,INFORMAL,NONE,F148-B|F148-C,TUMI,,TUMI,ANSWERABLE,HIGH,FAMILIARITY|SETTING,0.2,MODERATE,NONE,AI_CANDIDATE_REVISED,REVIEWED,TEST,SOCIALCUE-BN-GOLD-V1.0
F148-B,F148,B,Video ta abar pathano jabe?,UNCLEAR,ONLINE,REQUEST,ONLINE_MEMBER,ONLINE_CONTACT,EQUAL,OLDER,HIGH,INFORMAL,AGE,F148-A,TUMI,APNI,TUMI|APNI,ANSWERABLE,HIGH,AGE|FAMILIARITY|SETTING,0.2,MODERATE,NONE,AI_CANDIDATE_REVISED,REVIEWED,TEST,SOCIALCUE-BN-GOLD-V1.0
F148-C,F148,C,Video ta abar pathano jabe?,UNCLEAR,ONLINE,REQUEST,ONLINE_MEMBER,ONLINE_CONTACT,EQUAL,SIMILAR,HIGH,FORMAL,SETTING,F148-A,APNI,TUMI,APNI|TUMI,ANSWERABLE,HIGH,FAMILIARITY|SETTING,0.2,MODERATE,NONE,AI_CANDIDATE_REVISED,REVIEWED,TEST,SOCIALCUE-BN-GOLD-V1.0
F149-A,F149,A,Doler shobar shathe shondhay kotha bola jabe?,UNCLEAR,ONLINE,SUGGESTION,ONLINE_MEMBER,ONLINE_CONTACT,EQUAL,SIMILAR,HIGH,INFORMAL,NONE,F149-B|F149-C,TUMI,,TUMI,ANSWERABLE,HIGH,FAMILIARITY|SETTING,0,NONE,NONE,AI_CANDIDATE_REVISED,REVIEWED,TEST,SOCIALCUE-BN-GOLD-V1.0
F149-B,F149,B,Doler shobar shathe shondhay kotha bola jabe?,UNCLEAR,ONLINE,SUGGESTION,ONLINE_MEMBER,ONLINE_CONTACT,EQUAL,SIMILAR,LOW,INFORMAL,FAMILIARITY,F149-A,APNI,TUMI,APNI|TUMI,ANSWERABLE,HIGH,FAMILIARITY|SETTING,0,NONE,NONE,AI_CANDIDATE_REVISED,REVIEWED,TEST,SOCIALCUE-BN-GOLD-V1.0
F149-C,F149,C,Doler shobar shathe shondhay kotha bola jabe?,UNCLEAR,ONLINE,SUGGESTION,ONLINE_MEMBER,ONLINE_CONTACT,EQUAL,SIMILAR,HIGH,FORMAL,SETTING,F149-A,APNI,TUMI,APNI|TUMI,ANSWERABLE,HIGH,FAMILIARITY|SETTING,0,NONE,NONE,AI_CANDIDATE_REVISED,REVIEWED,TEST,SOCIALCUE-BN-GOLD-V1.0
F150-A,F150,A,Channel er niyom ta ektu bojhano jabe?,UNCLEAR,ONLINE,REQUEST,ONLINE_MEMBER,ONLINE_CONTACT,HIGHER,SIMILAR,MEDIUM,SEMI_FORMAL,NONE,F150-B|F150-C,APNI,TUMI,APNI|TUMI,ANSWERABLE,HIGH,AUTHORITY|SETTING,0.143,LIGHT,NONE,AI_CANDIDATE_REVISED,REVIEWED,TEST,SOCIALCUE-BN-GOLD-V1.0
F150-B,F150,B,Channel er niyom ta ektu bojhano jabe?,UNCLEAR,ONLINE,REQUEST,ONLINE_MEMBER,ONLINE_CONTACT,EQUAL,SIMILAR,MEDIUM,SEMI_FORMAL,AUTHORITY,F150-A,TUMI,APNI,TUMI|APNI,ANSWERABLE,HIGH,FAMILIARITY|SETTING,0.143,LIGHT,NONE,AI_CANDIDATE_REVISED,REVIEWED,TEST,SOCIALCUE-BN-GOLD-V1.0
F150-C,F150,C,Channel er niyom ta ektu bojhano jabe?,UNCLEAR,ONLINE,REQUEST,ONLINE_MEMBER,ONLINE_CONTACT,HIGHER,SIMILAR,HIGH,SEMI_FORMAL,FAMILIARITY,F150-A,APNI,TUMI,APNI|TUMI,ANSWERABLE,HIGH,AUTHORITY|FAMILIARITY|SETTING,0.143,LIGHT,NONE,AI_CANDIDATE_REVISED,REVIEWED,TEST,SOCIALCUE-BN-GOLD-V1.0
